review_item_id,paper_id,prior_primary_family,final_primary_family,prior_secondary_family,final_secondary_family,evidence_page_or_section,decision_rationale,review_decision,reviewer_name,reviewer_affiliation,review_date,signature_or_initials,row_completion,source_workbook_sha256
M01,Crain2023_MonitoringHistory,,F7_digital_twin_monitoring_updated,,F5_probabilistic_generative_inversion,"PDF pp. 2–4, monitoring-well optimization/history matching; pp. 8–13, Results",主要推断角色是以监测井数据持续更新储层模型和监测设计，故主类F7；概率历史拟合是实现该更新的次要机制，保留F5。,confirmed,Yangqi Ma,,2026-08-01,YM,complete,3ece3b766ddcd28748301a1f3b894a6012dcf9d2a3a1aea810f645303c29e1fe
M02,ESR_Chan2024_124,,F6_control_reinforcement_learning,,F3_neural_operator_multifidelity,"PDF pp. 8–10, Sections 4.3–4.5, Figs. 9–12",主要工作流是多目标注入计划/速率控制优化，故主类F6；多分辨率FNO是优化所用代理架构，作为次类F3。,confirmed,Yangqi Ma,,2026-08-01,YM,complete,3ece3b766ddcd28748301a1f3b894a6012dcf9d2a3a1aea810f645303c29e1fe
M03,ESR_Park2025_223,,F7_digital_twin_monitoring_updated,,F2_physics_guided_informed,"PDF pp. 1–2, Abstract; pp. 10–20, characterization and forecast results",主要推断角色是用InSAR观测更新地下表征并预测未来羽流/形变，故主类改为F7；THM物理耦合作为关键次要机制保留F2。,changed,Yangqi Ma,,2026-08-01,YM,complete,3ece3b766ddcd28748301a1f3b894a6012dcf9d2a3a1aea810f645303c29e1fe
M04,ESR_Tariq2023_174,,F3_neural_operator_multifidelity,,F2_physics_guided_informed,"PDF p. 1, Abstract; pp. 6–12, FNO architecture and results",论文的核心可计算角色是用FNO替代高保真储层求解器，主类F3；控制方程和物理变量进入训练设计，作为次类F2。,confirmed,Yangqi Ma,,2026-08-01,YM,complete,3ece3b766ddcd28748301a1f3b894a6012dcf9d2a3a1aea810f645303c29e1fe
M05,ESR_Um2024_104,,F5_probabilistic_generative_inversion,,F7_digital_twin_monitoring_updated,"PDF p. 3, Abstract; pp. 14–19, multiphysics inversion and uncertainty results",核心推断任务是由地震、电磁和重力数据反演CO₂饱和度并估计图像不确定性，故主类改为F5；实时监测用途作为次类F7。,changed,Yangqi Ma,,2026-08-01,YM,complete,3ece3b766ddcd28748301a1f3b894a6012dcf9d2a3a1aea810f645303c29e1fe
M06,ESR_Vishal2025_213,,F1_unconstrained_data_driven,,,"PDF pp. 3–7, data/CNN–ML workflow; pp. 14–15, conclusions",实证工作是CNN与树模型的储层表征和属性预测，主类F1；文中仅声称可支持实时决策，没有实际控制或强化学习机制，因此删除F6次类。,changed,Yangqi Ma,,2026-08-01,YM,complete,3ece3b766ddcd28748301a1f3b894a6012dcf9d2a3a1aea810f645303c29e1fe
M07,Gahlot2025_DigitalShadow,,F7_digital_twin_monitoring_updated,,F5_probabilistic_generative_inversion,"PDF pp. 1–3, digital-shadow workflow and posterior update",主要角色是以监测数据维护快速更新的数字影子/状态估计，故主类F7；贝叶斯后验反演是实现更新的次要机制，保留F5。,confirmed,Yangqi Ma,,2026-08-01,YM,complete,3ece3b766ddcd28748301a1f3b894a6012dcf9d2a3a1aea810f645303c29e1fe
M08,TARGET_JointInversion2023_2022JB025372,,F5_probabilistic_generative_inversion,,F2_physics_guided_informed,"PDF p. 1, Abstract; pp. 8–19, differentiable joint inversion and results",主要推断角色是地震–电磁联合概率反演，故主类F5；可微岩石物理和正演约束是次要架构机制，保留F2。,confirmed,Yangqi Ma,,2026-08-01,YM,complete,3ece3b766ddcd28748301a1f3b894a6012dcf9d2a3a1aea810f645303c29e1fe
M09,VoThanh2026_DigitalTwinGNN,,F7_digital_twin_monitoring_updated,,F4_graph_connectivity_fault,"PDF pp. 1, 5–6, framework/split; pp. 21–22, digital-twin forecasts",主要角色是面向快速更新和监测支持的数字孪生预测，故主类F7；显式邻接关系的GNN是次要架构特征，保留F4。,confirmed,Yangqi Ma,,2026-08-01,YM,complete,3ece3b766ddcd28748301a1f3b894a6012dcf9d2a3a1aea810f645303c29e1fe
