paper_id,title,authors,year,venue,doi_or_url,peer_review_status,storage_stage,application_area,application_group,decision_supported,data_regime,field_case,ml_method_family,target_outputs,validation_type,field_validation_category,controlled_release_validation_state,ood_test_category,cross_site_test_state,uncertainty_calibration_category,surrogate_error_propagation_category,mass_conservation_diagnostic,pressure_threshold_diagnostic,plume_volume_diagnostic,geomechanics_diagnostic,geochemistry_diagnostic,rock_physics_diagnostic,sensor_physics_diagnostic,field_evidence_score_state,physical_consistency_score_state,uncertainty_score_state,transferability_score_state,decision_readiness_score_state,wp4_main_claim_eligible
ESR_Tang2024_135,Multi-fidelity Fourier neural operator for fast modeling of large-scale geological carbon storage,Hewei Tang; Qingkai Kong; Joseph P. Morris,2024,Journal of Hydrology,https://doi.org/10.1016/j.jhydrol.2024.130641,peer_reviewed_journal,dynamic_prediction,neural operator surrogate,Storage dynamics and surrogates,accelerate ensemble forecasts for pressure/plume decisions,synthetic simulation,none identified,neural operator,pressure/saturation fields,held-out simulation or benchmark,confirmed_absent,confirmed_absent,confirmed_absent,confirmed_absent,confirmed_absent,not_applicable,diagnostic_checked,not_reported,diagnostic_checked,not_reported,not_reported,not_reported,not_reported,scored,scored,scored,scored,scored,yes
Wen2022_UFNO,U-FNO—An enhanced Fourier neural operator-based deep-learning model for multiphase flow,Gege Wen; Zongyi Li; Kamyar Azizzadenesheli; Anima Anandkumar; Sally M. Benson,2022,Advances in Water Resources,https://doi.org/10.1016/j.advwatres.2022.104180,peer_reviewed_journal,forward prediction,neural operator surrogate,Storage dynamics and surrogates,pressure buildup and gas saturation,synthetic simulation,CO2-water multiphase-flow benchmark cases,U-FNO,pressure buildup and gas saturation,held-out simulation or benchmark,confirmed_absent,confirmed_absent,unseen_parameter_range,confirmed_absent,deterministic_or_confirmed_absent,not_applicable,not_reported,diagnostic_checked,diagnostic_checked,not_reported,not_reported,not_reported,encoded_or_simplified,scored,scored,scored,scored,scored,yes
Wen2021_CCSNet,CCSNet: A deep learning modeling suite for CO2 storage,Gege Wen; Catherine Hay; Sally M. Benson,2021,Advances in Water Resources,https://doi.org/10.1016/j.advwatres.2021.104009,peer_reviewed_journal,forward prediction and storage metrics,plume/saturation surrogate,Storage dynamics and surrogates,saturation; pressure; trapping; sweep metrics,synthetic simulation,radial CO2 storage simulation cases,CNN-based modeling suite,saturation; pressure; trapping; sweep metrics,held-out simulation or benchmark,confirmed_absent,confirmed_absent,confirmed_absent,confirmed_absent,not_reported,confirmed_absent,diagnostic_checked,diagnostic_checked,diagnostic_checked,not_reported,not_reported,not_reported,not_reported,scored,scored,scored,scored,scored,yes
ESR_Um2024_091,Real‐time deep‐learning inversion of seismic full waveform data for CO2 saturation and uncertainty in geological carbon storage monitoring,Evan Schankee Um; David Alumbaugh; Youzuo Lin; Shihang Feng,2024,Geophysical Prospecting,https://doi.org/10.1111/1365-2478.13197,peer_reviewed_journal,characterization,seismic inversion,"Monitoring, inversion and updating",update plume/saturation interpretation,field-facing monitoring or synthetic monitoring,none identified,not specified,CO2 saturation; uncertainty/posterior; seismic-derived state,monitoring/synthetic-monitoring validation,confirmed_absent,confirmed_absent,confirmed_absent,confirmed_absent,confirmed_absent,not_applicable,not_reported,not_reported,diagnostic_checked,encoded_or_simplified,not_reported,encoded_or_simplified,encoded_or_simplified,scored,scored,scored,scored,scored,yes
ESR_Wang2024_089,Machine learning and deep learning for mineralogy interpretation and CO2 saturation estimation in geological carbon Storage: A case study in the Illinois Basin,Hongsheng Wang; Sherilyn Williams-Stroud; Dustin Crandall; Cheng Chen,2024,Fuel,https://doi.org/10.1016/j.fuel.2023.130586,peer_reviewed_journal,characterization,seismic inversion,"Monitoring, inversion and updating",update plume/saturation interpretation,single field case,Illinois Basin,deep learning,CO2 saturation,field case comparison,operating_storage_site_evaluation,ml_evaluated_on_controlled_release,confirmed_absent,confirmed_absent,deterministic_or_confirmed_absent,not_applicable,not_reported,not_reported,not_reported,encoded_or_simplified,encoded_or_simplified,encoded_or_simplified,encoded_or_simplified,scored,scored,scored,scored,scored,yes
ESR_Um2024_104,Deep learning multiphysics network for imaging CO2 saturation and estimating uncertainty in geological carbon storage,Evan Schankee Um; David Alumbaugh; Michael Commer; Shihang Feng; Erika Gasperikova; Yaoguo Li; Youzuo Lin; Savini Samarasinghe,2024,Geophysical Prospecting,https://doi.org/10.1111/1365-2478.13257,peer_reviewed_journal,characterization,multiphysics inversion,"Monitoring, inversion and updating",update plume/saturation uncertainty,unknown,none identified,deep learning,CO2 saturation; uncertainty/posterior,synthetic monitoring validation,confirmed_absent,confirmed_absent,confirmed_absent,confirmed_absent,confirmed_absent,not_applicable,not_reported,not_reported,not_reported,encoded_or_simplified,encoded_or_simplified,encoded_or_simplified,encoded_or_simplified,scored,scored,scored,scored,scored,yes
ESR_Tang2022_226,Deep learning-accelerated 3D carbon storage reservoir pressure forecasting based on data assimilation using surface displacement from InSAR,Hewei Tang; Pengcheng Fu; Honggeun Jo; Su Jiang; Christopher S. Sherman; François Hamon; Nicholas A. Azzolina; Joseph P. Morris,2022,International Journal of Greenhouse Gas Control,https://doi.org/10.1016/j.ijggc.2022.103765,peer_reviewed_journal,monitoring_mrv,geomechanics/seal risk,"Leakage, wellbore and containment risk","assess seal, fault, or induced-seismicity risk",field-facing monitoring or synthetic monitoring,none identified,deep learning,pressure field/pressure risk,monitoring/synthetic-monitoring validation,confirmed_absent,confirmed_absent,unseen_parameter_range,confirmed_absent,posterior_predictive_check,confirmed_absent,diagnostic_checked,not_reported,diagnostic_checked,encoded_or_simplified,not_reported,not_reported,encoded_or_simplified,scored,scored,scored,scored,scored,yes
ESR_Meng2025_211,Multiobjective optimization of CO2 injection under geomechanical risk in high water cut oil reservoirs using artificial intelligence approaches,Fankun Meng; Jia Liu; Gang Tong; Hui Zhao; Chengyue Wen; Yuhui Zhou; Vamegh Rasouli; Minou Rabiei,2025,Scientific Reports,https://doi.org/10.1038/s41598-025-10111-0,peer_reviewed_journal,operation_control,geomechanics/seal risk,"Leakage, wellbore and containment risk","assess seal, fault, or induced-seismicity risk",unknown,none identified,not specified,storage-relevant output unknown,unknown,confirmed_absent,confirmed_absent,confirmed_absent,confirmed_absent,deterministic_or_confirmed_absent,confirmed_absent,not_reported,not_reported,not_reported,encoded_or_simplified,encoded_or_simplified,not_reported,encoded_or_simplified,scored,scored,scored,scored,scored,yes
Lu2025_GISMLSite,Optimisation study of carbon dioxide geological storage sites based on GIS and machine learning algorithms,Wei Lu; Shengwen Qi; Bowen Zheng; Wang Zhang; Zan Wang; Yi Ru; Yan Zhang; Lina Ma; Yujie Diao; Lei Fu,2025,Geomechanics and Geophysics for Geo-Energy and Geo-Resources,https://doi.org/10.1007/s40948-025-00945-3,peer_reviewed_journal,site screening,site screening,Screening and characterization,suitability maps and site rankings,GIS layers and geological screening criteria,regional CO2 geological storage site evaluation,RF; LightGBM; XGBoost; SVM; ANN,suitability maps and site rankings,,operating_storage_site_evaluation,confirmed_absent,confirmed_absent,confirmed_absent,deterministic_or_confirmed_absent,not_applicable,not_reported,not_reported,not_reported,encoded_or_simplified,encoded_or_simplified,not_reported,encoded_or_simplified,scored,scored,scored,scored,scored,yes
Wang2025_4DHistoryMatching,Deep learning framework for history matching CO2 storage with 4D seismic and monitoring well data,Nanzhe Wang; Louis J. Durlofsky,2025,Geoenergy Science and Engineering,https://doi.org/10.1016/j.geoen.2025.213736,peer_reviewed_journal,monitoring_mrv,Bayesian history matching,"Monitoring, inversion and updating",update storage model and plume uncertainty from monitoring data,synthetic monitoring,CO2 storage history-matching cases,deep learning surrogate,geological parameters; CO2 plume uncertainty; monitoring predictions,monitoring/synthetic-monitoring validation,confirmed_absent,confirmed_absent,confirmed_absent,confirmed_absent,calibrated_or_posterior_checked,propagated_into_inference_or_decision,not_reported,not_reported,not_reported,encoded_or_simplified,not_reported,not_reported,encoded_or_simplified,scored,scored,scored,scored,scored,yes
ESR_Chen2024_119,Optimization of pressure management strategies for geological CO2 storage using surrogate model-based reinforcement learning,Jungang Chen; Eduardo Gildin; Georgy Kompantsev,2024,International Journal of Greenhouse Gas Control,https://doi.org/10.1016/j.ijggc.2024.104262,peer_reviewed_journal,operation_control,RL control,Operation and control,optimize pressure-management strategy under storage constraints,synthetic simulation,none identified,reinforcement learning,pressure-management policy,held-out simulation or benchmark,confirmed_absent,confirmed_absent,confirmed_absent,confirmed_absent,deterministic_or_confirmed_absent,confirmed_absent,not_reported,not_reported,not_reported,encoded_or_simplified,not_reported,not_reported,encoded_or_simplified,scored,scored,scored,scored,scored,yes
Han2024_HierarchicalMCMC,Surrogate model for geological CO2 storage and its use in hierarchical MCMC history matching,Yifu Han; François P. Hamon; Su Jiang; Louis J. Durlofsky,2024,Advances in Water Resources,https://doi.org/10.1016/j.advwatres.2024.104678,peer_reviewed_journal,monitoring_mrv,Bayesian history matching,"Monitoring, inversion and updating",history matching and posterior forecasting,synthetic simulation,3D geological storage cases,surrogate + Bayesian inference,posterior geological parameters; pressure/plume forecasts,history_matching_or_posterior_check,confirmed_absent,confirmed_absent,confirmed_absent,confirmed_absent,calibrated_or_posterior_checked,propagated_into_inference_or_decision,not_reported,not_reported,diagnostic_checked,encoded_or_simplified,not_reported,encoded_or_simplified,encoded_or_simplified,scored,scored,scored,scored,scored,yes
Tang2024_GNNFaulted,Learning CO2 plume migration in faulted reservoirs with Graph Neural Networks,Xin Ju; François P. Hamon; Gege Wen; Rayan Kanfar; Mauricio Araya-Polo; Hamdi A. Tchelepi,2024,Computers & Geosciences,https://doi.org/10.1016/j.cageo.2024.105711,peer_reviewed_journal,dynamic_prediction,GNN/faulted reservoir surrogate,Storage dynamics and surrogates,forecast plume behavior under faulted-reservoir connectivity,synthetic simulation,faulted reservoir simulation cases,graph neural network,CO2 plume migration in faulted reservoirs,held-out simulation or benchmark,confirmed_absent,confirmed_absent,unseen_parameter_range,confirmed_absent,deterministic_or_confirmed_absent,not_applicable,diagnostic_checked,not_reported,diagnostic_checked,encoded_or_simplified,not_reported,not_reported,encoded_or_simplified,scored,scored,scored,scored,scored,yes
Jiang2024_DSIHistoryMatching,History matching for geological carbon storage using data-space inversion with spatio-temporal data parameterization,Su Jiang; Louis J. Durlofsky,2024,International Journal of Greenhouse Gas Control,https://doi.org/10.1016/j.ijggc.2024.104124,peer_reviewed_journal,monitoring_mrv,Bayesian history matching,"Monitoring, inversion and updating",history matching with spatio-temporal data,synthetic monitoring,3D simulated GCS model,data-space inversion,history-matched storage forecasts,history_matching_or_posterior_check,confirmed_absent,confirmed_absent,confirmed_absent,confirmed_absent,calibrated_or_posterior_checked,not_applicable,not_reported,not_reported,diagnostic_checked,encoded_or_simplified,not_reported,not_reported,encoded_or_simplified,scored,scored,scored,scored,scored,yes
Lin2020_PressureLeakage,Normal or abnormal? Machine learning for the leakage detection in carbon sequestration projects using pressure field data,Saurabh Sinha; Rafael Pires de Lima; Youzuo Lin; Alexander Y. Sun; Neill Symons; Rajesh Pawar; George Guthrie,2020,International Journal of Greenhouse Gas Control,https://doi.org/10.1016/j.ijggc.2020.103189,peer_reviewed_journal,risk_response,leakage detection,"Leakage, wellbore and containment risk",flag pressure anomalies for leakage investigation,synthetic simulation,Cranfield HPT pressure data,machine learning classifier,normal/abnormal leakage class from pressure data,held-out simulation or benchmark,controlled_field_experiment_evaluation,ml_evaluated_on_controlled_release,unseen_schedule_or_boundary,confirmed_absent,not_reported,not_applicable,not_reported,not_reported,not_reported,encoded_or_simplified,encoded_or_simplified,not_reported,encoded_or_simplified,scored,scored,scored,scored,scored,yes
Leong2024_SeisCO2Net,Time-lapse seismic inversion for CO2 saturation with SeisCO2Net: An application to Frio-II site,Zi Xian Leong; Tieyuan Zhu; Alexander Y. Sun,2024,International Journal of Greenhouse Gas Control,https://doi.org/10.1016/j.ijggc.2024.104058,peer_reviewed_journal,characterization,seismic inversion,"Monitoring, inversion and updating",estimate saturation/plume state from field seismic monitoring,single field case,Frio-II site application,deep learning,CO2 saturation from time-lapse seismic data,field case comparison,controlled_field_experiment_evaluation,ml_evaluated_on_controlled_release,unseen_geology_or_faults,confirmed_absent,not_reported,not_applicable,not_reported,not_reported,diagnostic_checked,not_reported,not_reported,encoded_or_simplified,encoded_or_simplified,scored,scored,scored,scored,scored,yes
Mo2018_EncoderDecoderUQ,Deep Convolutional Encoder‐Decoder Networks for Uncertainty Quantification of Dynamic Multiphase Flow in Heterogeneous Media,Shaoxing Mo; Yinhao Zhu; Nicholas Zabaras; Xiaoqing Shi; Jichun Wu,2019,Water Resources Research,https://doi.org/10.1029/2018wr023528,peer_reviewed_journal,dynamic_prediction,plume/saturation surrogate,Storage dynamics and surrogates,rapid uncertainty-aware multiphase-flow prediction for storage-relevant forecasts,synthetic simulation,synthetic heterogeneous media,CNN encoder-decoder,dynamic multiphase-flow states and uncertainty estimates,held-out simulation or benchmark,confirmed_absent,confirmed_absent,confirmed_absent,confirmed_absent,calibration_or_interval_reliability_test,confirmed_absent,not_reported,not_reported,diagnostic_checked,not_reported,encoded_or_simplified,not_reported,encoded_or_simplified,scored,scored,scored,scored,scored,yes
Wen2023_NestedFNO,"Real-time high-resolution CO
                    2
                    geological storage prediction using nested Fourier neural operators",Gege Wen; Zongyi Li; Qirui Long; Kamyar Azizzadenesheli; Anima Anandkumar; Sally M. Benson,2023,Energy & Environmental Science,https://doi.org/10.1039/d2ee04204e,peer_reviewed_journal,dynamic_prediction,neural operator surrogate,Storage dynamics and surrogates,real-time high-resolution forecasting for storage screening and dynamic prediction,synthetic simulation,large-scale 3D storage simulations,neural operator,pressure buildup and CO2 plume migration at high resolution,held-out simulation or benchmark,confirmed_absent,confirmed_absent,confirmed_absent,confirmed_absent,not_reported,confirmed_absent,not_reported,diagnostic_checked,diagnostic_checked,not_reported,not_reported,not_reported,encoded_or_simplified,scored,scored,scored,scored,scored,yes
Zhong2019_PressureAnomaly,A deep learning approach to anomaly detection in geological carbon sequestration sites using pressure measurements,Zhi Zhong; Alexander Y. Sun; Qian Yang; Qi Ouyang,2019,Journal of Hydrology,https://doi.org/10.1016/j.jhydrol.2019.04.015,peer_reviewed_journal,risk_response,leakage detection,"Leakage, wellbore and containment risk",flag pressure anomalies for leakage investigation,synthetic simulation,Cranfield pressure data and controlled release experiments,deep learning classifier,normal/abnormal pressure anomaly or leakage class,held-out simulation or benchmark,controlled_field_experiment_evaluation,ml_evaluated_on_controlled_release,unseen_schedule_or_boundary,confirmed_absent,uncertainty_reported_not_calibrated,not_applicable,not_reported,not_reported,diagnostic_checked,encoded_or_simplified,not_reported,not_reported,encoded_or_simplified,scored,scored,scored,scored,scored,yes
Wen2021_PlumeDNN,Towards a predictor for CO2 plume migration using deep neural networks,Gege Wen; Meng Tang; Sally M. Benson,2021,International Journal of Greenhouse Gas Control,https://doi.org/10.1016/j.ijggc.2020.103223,peer_reviewed_journal,dynamic_prediction,plume/saturation surrogate,Storage dynamics and surrogates,rapid plume-migration forecasting for storage assessment,synthetic simulation,synthetic heterogeneous formations,deep neural network,CO2 plume migration,held-out simulation or benchmark,confirmed_absent,confirmed_absent,unseen_parameter_range,confirmed_absent,deterministic_or_confirmed_absent,not_applicable,diagnostic_checked,not_reported,diagnostic_checked,not_reported,not_reported,not_reported,not_reported,scored,scored,scored,scored,scored,yes
Zhang2021_LearningInversionFreeForecast,Accurate and Rapid Forecasts for Geologic Carbon Storage via Learning-Based Inversion-Free Prediction,Dan Lu; Scott L. Painter; Nicholas A. Azzolina; Matthew Burton-Kelly; Tao Jiang; Cody Williamson,2022,Frontiers in Energy Research,https://doi.org/10.3389/fenrg.2021.752185,peer_reviewed_journal,dynamic_prediction,learning-based forecasting,Storage dynamics and surrogates,rapid forecast generation for geological carbon storage assessment,synthetic simulation,none identified,learning-based inverse-free prediction,CO2 storage forecast quantities,held-out simulation or benchmark,confirmed_absent,confirmed_absent,confirmed_absent,confirmed_absent,posterior_predictive_check,not_applicable,not_reported,not_reported,not_reported,not_reported,not_reported,not_reported,encoded_or_simplified,scored,scored,scored,scored,scored,yes
Yan2021_RobustDLWorkflow,A robust deep learning workflow to predict multiphase flow behavior during geological CO2 sequestration injection and Post-Injection periods,Bicheng Yan; Bailian Chen; Dylan Robert Harp; Wei Jia; Rajesh J. Pawar,2022,Journal of Hydrology,https://doi.org/10.1016/j.jhydrol.2022.127542,peer_reviewed_journal,dynamic_prediction,plume/saturation surrogate,Storage dynamics and surrogates,rapid multiphase-flow behavior prediction for storage forecasting,synthetic simulation,none identified,deep learning surrogate,multiphase-flow behavior during CO2 injection and post-injection,held-out simulation or benchmark,confirmed_absent,confirmed_absent,confirmed_absent,confirmed_absent,deterministic_or_confirmed_absent,not_applicable,diagnostic_checked,not_reported,diagnostic_checked,not_reported,not_reported,not_reported,encoded_or_simplified,scored,scored,scored,scored,scored,yes
Attanasi2025_ResourceML,Machine learning provides reconnaissance-type estimates of carbon dioxide storage resources in oil and gas reservoirs,Emil Attanasi; Philip Freeman; Timothy Coburn,2025,Frontiers in Environmental Science,https://doi.org/10.3389/fenvs.2025.1562087,peer_reviewed_journal,screening_capacity,site screening,Screening and characterization,reconnaissance storage-resource screening,field-derived reservoir database,US oil and gas reservoirs,supervised machine learning,CO2 storage resource estimates,comparison to engineering storage-resource estimates,confirmed_absent,confirmed_absent,confirmed_absent,confirmed_absent,deterministic_or_confirmed_absent,confirmed_absent,not_reported,not_reported,not_reported,not_reported,not_reported,not_reported,encoded_or_simplified,scored,scored,scored,scored,scored,yes
Baek2023_WellboreLeakage,Enabling site-specific well leakage risk estimation during geologic carbon sequestration using a modular deep-learning-based wellbore leakage model,Seunghwan Baek; Diana H. Bacon; Nicolas J. Huerta,2023,International Journal of Greenhouse Gas Control,https://doi.org/10.1016/j.ijggc.2023.103903,peer_reviewed_journal,risk_response,leakage detection,"Leakage, wellbore and containment risk",site-specific wellbore leakage risk screening,synthetic simulation,none identified,deep learning surrogate,CO2 and brine leakage estimates / wellbore leakage risk,simulation benchmark or model comparison,confirmed_absent,confirmed_absent,confirmed_absent,confirmed_absent,not_reported,confirmed_absent,not_reported,not_reported,diagnostic_checked,encoded_or_simplified,not_reported,not_reported,encoded_or_simplified,scored,scored,scored,scored,scored,yes
ESR_Liu2025_121,Physics-coupled machine learning toolset for geological carbon storage evaluation and performance analysis,Guoxiang Liu; Xiongjun Wu; Chung-Yan Shih; Veronika Vasylkivska; Hema Siriwandane; Grant Bromhal,2026,International Journal of Greenhouse Gas Control,https://doi.org/10.1016/j.ijggc.2025.104538,peer_reviewed_journal,dynamic_prediction,PINN/physics-guided migration,Storage dynamics and surrogates,physics-coupled prediction for geological carbon storage,synthetic simulation,none identified,physics-coupled machine learning,storage response variables,simulation benchmark,not_reported,not_reported,not_reported,not_reported,not_reported,not_applicable,not_reported,not_reported,not_reported,not_reported,not_reported,not_reported,not_reported,not_reported,scored,not_reported,not_reported,scored,yes
Lu2022_BayesianOptimization,Bayesian Optimization for Field-Scale Geological Carbon Storage,Xueying Lu; Kirk E. Jordan; Mary F. Wheeler; Edward O. Pyzer-Knapp; Matthew Benatan,2022,Engineering,https://doi.org/10.1016/j.eng.2022.06.011,peer_reviewed_journal,operation_control,injection optimization,Operation and control,field-scale injection optimization,synthetic simulation,field-scale synthetic case,Bayesian optimization,optimized injection strategy and storage performance,optimization benchmark,confirmed_absent,confirmed_absent,confirmed_absent,confirmed_absent,confirmed_absent,propagated_into_inference_or_decision,not_reported,not_reported,not_reported,encoded_or_simplified,not_reported,not_reported,encoded_or_simplified,scored,scored,scored,scored,scored,yes
ESR_Chan2024_124,Accelerated Co2 Storage Optimization Using Multi-Resolution Fourier Neural Operator at the Illinois Basin Decatur Project (Ibdp),Chin-Hsiang Chan; Masahiro Nagao; Akhil Datta-Gupta,2024,SSRN Electronic Journal,https://doi.org/10.2139/ssrn.5012232,peer_reviewed_journal,operation_control,injection optimization,Operation and control,accelerated storage optimization at the Illinois Basin Decatur Project,field-inspired simulation,Illinois Basin Decatur Project,neural operator,CO2 storage optimization response variables,simulation / field-project case study,confirmed_absent,confirmed_absent,unseen_parameter_range,confirmed_absent,deterministic_or_confirmed_absent,confirmed_absent,not_reported,not_reported,diagnostic_checked,not_reported,not_reported,not_reported,encoded_or_simplified,scored,scored,scored,scored,scored,yes
ESR_Zheng2025_207,Deep Learning–Assisted Multiobjective Optimization of Geological CO2 Storage Performance under Geomechanical Risks,Fangning Zheng; Martin Ma; Hari Viswanathan; Rajesh Pawar; Birendra Jha; Bailian Chen,2025,SPE Journal,https://doi.org/10.2118/220850-pa,peer_reviewed_journal,operation_control,geomechanics/seal risk,"Leakage, wellbore and containment risk",multiobjective optimization under geomechanical risk,synthetic simulation,none identified,deep learning surrogate,storage performance and geomechanical risk metrics,multiobjective optimization benchmark,confirmed_absent,confirmed_absent,confirmed_absent,confirmed_absent,deterministic_or_confirmed_absent,confirmed_absent,not_reported,not_reported,diagnostic_checked,encoded_or_simplified,not_reported,not_reported,encoded_or_simplified,scored,scored,scored,scored,scored,yes
ESR_Kanakaki2025_045,Application of an Automated Machine Learning-Driven Grid Block Classification Framework to a Realistic Deep Saline Aquifer Model for Accelerating Numerical Simulations of CO2 Geological Storage,Eirini Maria Kanakaki; Sofianos Panagiotis Fotias; Vassilis Gaganis,2025,Processes,https://doi.org/10.3390/pr13082658,peer_reviewed_journal,dynamic_prediction,other storage ML,Cross-cutting and other,accelerate numerical simulation workflows for CO2 storage,synthetic simulation,deep saline aquifer model,automated machine learning,grid-block classification for accelerated CO2 storage simulation,simulation benchmark,confirmed_absent,confirmed_absent,confirmed_absent,confirmed_absent,confirmed_absent,not_applicable,not_reported,diagnostic_checked,diagnostic_checked,not_reported,encoded_or_simplified,not_reported,encoded_or_simplified,scored,scored,scored,scored,scored,yes
Yin2022_XAILeakage,De-risking geological carbon storage from high resolution time-lapse seismic to explainable leakage detection,Ziyi Yin; Huseyin Tuna Erdinc; Abhinav Prakash Gahlot; Mathias Louboutin; Felix J. Herrmann,2022,The Leading Edge,https://slim.gatech.edu/Publications/Public/Journals/TheLeadingEdge/2022/yin2022TLEdgc/paper.html,peer_reviewed_or_repository_full_text,risk_response,leakage detection,"Leakage, wellbore and containment risk",seismic leakage detection and explanation,synthetic monitoring,none identified,explainable deep learning classifier,leakage probability / leakage class and explanatory activation maps,synthetic monitoring validation,confirmed_absent,confirmed_absent,confirmed_absent,confirmed_absent,deterministic_or_confirmed_absent,not_applicable,not_reported,diagnostic_checked,not_reported,not_reported,not_reported,encoded_or_simplified,encoded_or_simplified,scored,scored,scored,scored,scored,yes
Crain2023_MonitoringHistory,An integrated framework for optimal monitoring and history matching in CO2 storage projects,Dylan M. Crain; Sally M. Benson; Sarah D. Saltzer; Louis J. Durlofsky,2024,Computational Geosciences,https://doi.org/10.1007/s10596-023-10216-3,peer_reviewed_journal,monitoring_mrv,Bayesian history matching,"Monitoring, inversion and updating",monitoring-well design and history matching for CO2 storage operations,synthetic monitoring,synthetic CO2 storage case,Bayesian/data-assimilation workflow,"monitoring design, history-matched models, and uncertainty reduction",history_matching_or_posterior_check,confirmed_absent,confirmed_absent,confirmed_absent,confirmed_absent,calibrated_or_posterior_checked,not_applicable,not_reported,not_reported,diagnostic_checked,encoded_or_simplified,not_reported,not_reported,encoded_or_simplified,scored,scored,scored,scored,scored,yes
ESR_RefNone_173,Toward Estimating CO2 Solubility in Pure Water and Brine Using Cascade Forward Neural Network and Generalized Regression Neural Network: Application to CO2 Dissolution Trapping in Saline Aquifers,Xinyuan Zou; Yingting Zhu; Jing Lv; Yuchi Zhou; Bin Ding; Weidong Liu; Kai Xiao; Qun Zhang,2024,ACS Omega,https://doi.org/10.1021/acsomega.3c07962,peer_reviewed_journal,dynamic_prediction,geochemistry/trapping,Storage dynamics and surrogates,screening of dissolution-trapping behavior and brine-solubility estimates,experimental/literature database,none identified,neural network regression,CO2 solubility in pure water and brine,train/test benchmark against experimental database,confirmed_absent,confirmed_absent,confirmed_absent,confirmed_absent,deterministic_or_confirmed_absent,not_applicable,not_reported,not_reported,not_reported,not_reported,encoded_or_simplified,not_reported,encoded_or_simplified,scored,scored,scored,scored,scored,yes
Nassabeh2024_OffshoreSite,"Sub-surface geospatial intelligence in carbon capture, utilization and storage: A machine learning approach for offshore storage site selection",Mehdi Nassabeh; Zhenjiang You; Alireza Keshavarz; Stefan Iglauer,2024,Energy,https://doi.org/10.1016/j.energy.2024.132086,peer_reviewed_journal,screening_capacity,site screening,Screening and characterization,offshore storage-site screening and site-score prediction,field-derived geospatial database,offshore storage-site candidates,supervised machine learning,offshore storage site scores / suitability ranking,cross-validation and held-out benchmark against expert-weighted site scores,confirmed_absent,confirmed_absent,confirmed_absent,confirmed_absent,deterministic_or_confirmed_absent,not_applicable,not_reported,not_reported,not_reported,encoded_or_simplified,not_reported,not_reported,encoded_or_simplified,scored,scored,scored,scored,scored,yes
ESR_Kadeethum2024_128,An improved neural operator framework for large-scale CO2 storage operations,T. Kadeethum; S.J. Verzi; H. Yoon,2024,Geoenergy Science and Engineering,https://doi.org/10.1016/j.geoen.2024.213007,peer_reviewed_journal,dynamic_prediction,neural operator surrogate,Storage dynamics and surrogates,rapid forecast of pressure and CO2 saturation for storage-operation screening,synthetic simulation,not reported,neural operator,pressure and CO2 saturation fields,held-out simulation or benchmark,confirmed_absent,confirmed_absent,confirmed_absent,confirmed_absent,deterministic_or_confirmed_absent,not_applicable,not_reported,not_reported,not_reported,not_reported,not_reported,not_reported,not_reported,scored,scored,scored,scored,scored,yes
ESR_Falola2024_123,Application of Neural Operator Technique for Rapid Forecast of CO2 Pressure and Saturation Distribution,Yusuf Falola; Pradyumna Singh Rathore; Geetha Gopakumar Nair; Julianna Toms,2024,Offshore Technology Conference,https://doi.org/10.4043/35230-ms,conference_or_proceedings,dynamic_prediction,neural operator surrogate,Storage dynamics and surrogates,rapid forecast of CO2 pressure and saturation distributions under injection scenarios,synthetic simulation,not reported,neural operator,pressure and CO2 saturation distribution,held-out simulation or benchmark,confirmed_absent,confirmed_absent,confirmed_absent,confirmed_absent,deterministic_or_confirmed_absent,not_applicable,not_reported,not_reported,not_reported,not_reported,not_reported,not_reported,not_reported,scored,scored,scored,scored,scored,yes
Witte2023_WNO,Fast CO2 saturation simulations on large-scale geomodels with artificial intelligence-based Wavelet Neural Operators,Philipp A. Witte; Tugrul Konuk; Erik Skjetne; Ranveer Chandra,2023,International Journal of Greenhouse Gas Control,https://doi.org/10.1016/j.ijggc.2023.103880,peer_reviewed_journal,dynamic_prediction,neural operator surrogate,Storage dynamics and surrogates,rapid plume/saturation forecasting for storage scenario screening,field-inspired simulation,Sleipner-inspired geomodel,neural operator,CO2 saturation fields,large-scale geomodel simulation benchmark,confirmed_absent,confirmed_absent,confirmed_absent,confirmed_absent,deterministic_or_confirmed_absent,not_applicable,not_reported,not_reported,not_reported,not_reported,not_reported,not_reported,not_reported,scored,scored,scored,scored,scored,yes
ESR_Hassani2024_118,Machine Learning-Based CO2 Saturation Tracking in Saline Aquifers Using Bottomhole Pressure for Carbon Capture and Storage CCS Projects,H. Hassani; A. Shahbazi; E. Shahbalayev; Z. Hamdi; S. Behjat; M. Bataee,2024,SPE Norway Subsurface Conference,https://doi.org/10.2118/218445-ms,conference_or_proceedings,dynamic_prediction,pressure surrogate,Storage dynamics and surrogates,tracking CO2 saturation evolution using pressure observations,synthetic simulation,not reported,supervised machine learning,CO2 saturation tracking outputs,simulation benchmark,confirmed_absent,confirmed_absent,unseen_parameter_range,confirmed_absent,deterministic_or_confirmed_absent,not_applicable,not_reported,not_reported,not_reported,not_reported,not_reported,not_reported,encoded_or_simplified,scored,scored,scored,scored,scored,yes
ESR_Zhang2025_115,"A Dynamic and Constrained Machine Learning Framework for CO
                    2
                    Saturation Prediction in Geological Carbon Storage Reservoirs",Xiaoming Zhang; Ting Xiao; Nathan Moodie; Zimeng Yu; Brian McPherson,2025,Journal of Geophysical Research: Machine Learning and Computation,https://doi.org/10.1029/2025jh000772,peer_reviewed_journal,dynamic_prediction,plume/saturation surrogate,Storage dynamics and surrogates,plume/saturation forecasting for storage monitoring and model update,field-inspired simulation,Illinois Basin Decatur Project,constrained deep learning,CO2 saturation predictions,field-project-inspired simulation benchmark with transfer/OOD-style tests,confirmed_absent,confirmed_absent,unseen_parameter_range,confirmed_absent,deterministic_or_confirmed_absent,not_applicable,not_reported,not_reported,not_reported,not_reported,not_reported,not_reported,not_reported,scored,scored,scored,scored,scored,yes
ESR_Pawar2023_168,Efficient subsurface carbon storage modeling with Fourier neural operator,Suraj Pawar; Pandu Devarakota; Faruk O. Alpak; Jeroen Snippe; Detlef Hohl,2023,Third International Meeting for Applied Geoscience & Energy Expanded Abstracts,https://doi.org/10.1190/image2023-3916936.1,conference_or_proceedings,dynamic_prediction,neural operator surrogate,Storage dynamics and surrogates,rapid simulation response estimates for storage modeling,synthetic simulation,not reported,neural operator,CO2 saturation and pressure buildup,simulation benchmark,confirmed_absent,confirmed_absent,confirmed_absent,confirmed_absent,deterministic_or_confirmed_absent,not_applicable,not_reported,not_reported,not_reported,not_reported,not_reported,not_reported,not_reported,scored,scored,scored,scored,scored,yes
ESR_Zhou2026_127,Multiresolution Fourier Neural Operator Framework: A Novel Approach for Hydro-Geochemical Coupling Modeling in CO2 Geological Storage,Kaihu Zhou; Zhenhua Rui; Ting Hu; ZhenCheng Zhao; Kai Du; Farshid Torabi; Na Liu,2026,IPTC Summit on AI for the Energy Industry,https://doi.org/10.2523/iptc-25187-ms,conference_or_proceedings,dynamic_prediction,neural operator surrogate,Storage dynamics and surrogates,rapid hydro-geochemical response modeling for storage scenarios,synthetic simulation,not reported,neural operator,coupled hydro-geochemical storage response variables,simulation benchmark,confirmed_absent,confirmed_absent,confirmed_absent,confirmed_absent,deterministic_or_confirmed_absent,not_applicable,not_reported,not_reported,not_reported,not_reported,encoded_or_simplified,not_reported,not_reported,scored,scored,scored,scored,scored,yes
ESR_Tariq2023_174,Physics Informed Surrogate Model Development in Predicting Dynamic Temporal and Spatial Variations During CO2 Injection into Deep Saline Aquifers,Zeeshan Tariq; Bicheng Yan; Shuyu Sun,2023,SPE Reservoir Characterisation and Simulation Conference and Exhibition,https://doi.org/10.2118/212693-ms,conference_or_proceedings,dynamic_prediction,PINN/physics-guided migration,Storage dynamics and surrogates,rapid prediction of injection-stage storage response in saline aquifers,synthetic simulation,not reported,physics-informed surrogate / neural operator,"pressure, saturation, and trapping-related response variables",simulation benchmark,confirmed_absent,confirmed_absent,confirmed_absent,confirmed_absent,deterministic_or_confirmed_absent,not_applicable,not_reported,not_reported,not_reported,not_reported,not_reported,not_reported,not_reported,scored,scored,scored,scored,scored,yes
ESR_Zhang2025_178,"Physics-Informed Neural Networks for CO
                    
                      
                        
                        
                          2
                        
                      
                    
                    migration modeling in stratified saline aquifers: Applications in geological carbon sequestration",Jingjing Zhang; Shao-Ting Chiu; Ulisses Braga-Neto; Eduardo Gildin,2025,Geoenergy Science and Engineering,https://doi.org/10.1016/j.geoen.2025.213689,peer_reviewed_journal,dynamic_prediction,PINN/physics-guided migration,Storage dynamics and surrogates,physics-guided assessment of migration regimes and plume evolution,reduced-physics simulation / analytical regimes,Sleipner used as context or comparison where reported,PINN,CO2 migration / saturation profile,reduced-physics benchmark,field_observation_comparison,ml_evaluated_on_controlled_release,confirmed_absent,confirmed_absent,deterministic_or_confirmed_absent,not_applicable,not_reported,not_reported,not_reported,not_reported,not_reported,not_reported,not_reported,scored,scored,scored,scored,scored,yes
ESR_Nunez2023_166,Transfer learning for geological carbon storage forecasting using neural operator,Andres Nunez; Siddharth Misra; Yusuf Falola,2025,Advances in Water Resources,https://doi.org/10.1016/j.advwatres.2025.104948,peer_reviewed_journal,dynamic_prediction,neural operator surrogate,Storage dynamics and surrogates,rapid pressure/saturation forecasts across geological and engineering scenarios,field-inspired simulation,SACROC and Illinois Basin Decatur Project inspired models,neural operator / transfer learning,pressure and CO2 saturation distributions,transfer-learning simulation benchmark,confirmed_absent,confirmed_absent,confirmed_absent,confirmed_absent,deterministic_or_confirmed_absent,not_applicable,not_reported,not_reported,not_reported,not_reported,not_reported,not_reported,not_reported,scored,scored,scored,scored,scored,yes
ESR_Lozano2025_215,Unified deep-learning workflow for uncertainty reduction in subsurface carbon storage modeling through data assimilation of seismic-inverted CO2 maps,Moises Velasco-Lozano; Bailian Chen; Zhiwei Ma; Rajesh Pawar,2026,International Journal of Greenhouse Gas Control,https://doi.org/10.1016/j.ijggc.2026.104582,peer_reviewed_journal,monitoring_mrv,Bayesian history matching,"Monitoring, inversion and updating",uncertainty reduction and model updating for storage monitoring,synthetic monitoring,not reported,deep learning plus data assimilation,updated storage model / uncertainty reduction,data-assimilation simulation benchmark,confirmed_absent,confirmed_absent,confirmed_absent,confirmed_absent,calibrated_or_posterior_checked,confirmed_absent,not_reported,not_reported,not_reported,not_reported,not_reported,not_reported,not_reported,scored,scored,scored,scored,scored,yes
ESR_Vishal2025_213,"AI-Driven Reservoir Characterization for CO2 Storage: Integrating CNNs for Seismic Interpretation, Machine Learning, and Statistical Validation for Uncertainty Quantification, Risk Mitigation, and Storage Optimization in the Cauvery Basin",Abhinav Vishal,2025,SPE Annual Technical Conference and Exhibition,https://doi.org/10.2118/228830-stu,conference_or_proceedings,characterization_inversion,injection optimization,Operation and control,risk-mitigated site characterization and storage optimization,field-derived case study,Cauvery Basin,CNN and machine learning,"reservoir characterization, uncertainty/risk indicators, and storage optimization outputs",field-case characterization workflow,field_observation_comparison,confirmed_absent,unclear,unclear,not_reported,not_applicable,not_reported,not_reported,not_reported,not_reported,not_reported,not_reported,not_reported,scored,scored,scored,scored,scored,yes
ESR_Wu2025_042,A Lightweight Machine Learning–Driven Framework for Prediction and Multi-Objective Optimization of Co2 Geological Storage,Xiao Wu; Meixue Liu; Zhejun Hu; Yingqi Huang; Xin Lv; Qingping Li; Yongchen Song; Lei Yang,2025,SSRN,https://doi.org/10.2139/ssrn.5342578,preprint_or_repository_only,operation_control,injection optimization,Operation and control,multi-objective storage operation/design optimization,synthetic simulation,not reported,machine-learning surrogate / optimization,prediction outputs and optimized storage objectives,simulation optimization benchmark,confirmed_absent,confirmed_absent,cross_site_heldout,explicit_heldout_cross_site_test,not_reported,confirmed_absent,not_reported,not_reported,not_reported,not_reported,not_reported,not_reported,not_reported,scored,scored,scored,scored,scored,yes
ESR_Park2025_223,Deep learning-assisted THM-integrated InSAR modeling for CO2 storage characterization and surface deformation forecasting,Eunsil Park; Hyunmin Kim; Hyundon Shin; Honggeun Jo,2025,International Journal of Greenhouse Gas Control,https://doi.org/10.1016/j.ijggc.2025.104461,peer_reviewed_journal,monitoring_mrv,geomechanics/seal risk,"Leakage, wellbore and containment risk",storage characterization and deformation-risk monitoring,field-inspired simulation,not reported,deep learning,surface deformation forecasts and storage characterization variables,THM/InSAR modeling benchmark,confirmed_absent,confirmed_absent,confirmed_absent,confirmed_absent,confirmed_absent,not_applicable,not_reported,not_reported,not_reported,not_reported,not_reported,not_reported,not_reported,scored,scored,scored,scored,scored,yes
Shokouhi2021_PhysicsInformedSite,Physics-informed deep learning for prediction of CO2 storage site response,Parisa Shokouhi; Vikas Kumar; Sumedha Prathipati; Seyyed A. Hosseini; Clyde Lee Giles; Daniel Kifer,2021,Journal of Contaminant Hydrology,https://doi.org/10.1016/j.jconhyd.2021.103835,peer_reviewed_journal,dynamic_prediction,PINN/physics-guided migration,Storage dynamics and surrogates,prediction of storage-site response under physics-informed constraints,synthetic simulation,not reported,physics-informed deep learning,CO2 storage site response variables,simulation benchmark,confirmed_absent,confirmed_absent,not_reported,confirmed_absent,deterministic_or_confirmed_absent,not_applicable,not_reported,not_reported,not_reported,not_reported,not_reported,not_reported,not_reported,scored,scored,scored,scored,scored,yes
Seabra2024_AIEnhancedDA,AI enhanced data assimilation and uncertainty quantification applied to Geological Carbon Storage,Gabriel Serrão Seabra; Nikolaj T. Mücke; Vinicius Luiz Santos Silva; Denis Voskov; Femke C. Vossepoel,2024,International Journal of Greenhouse Gas Control,https://doi.org/10.1016/j.ijggc.2024.104190,peer_reviewed_journal,monitoring_history_matching,Bayesian history matching,"Monitoring, inversion and updating",posterior forecasting and uncertainty quantification for storage monitoring,synthetic simulation,not reported,neural surrogate plus data assimilation,posterior reservoir states and uncertainty-aware forecasts,data-assimilation simulation benchmark,confirmed_absent,confirmed_absent,unseen_geology_or_faults,confirmed_absent,calibrated_or_posterior_checked,confirmed_absent,not_reported,not_reported,not_reported,not_reported,not_reported,not_reported,not_reported,scored,scored,scored,scored,scored,yes
Gahlot2025_DigitalShadow,An uncertainty-aware digital shadow for underground multimodal CO2 storage monitoring,Abhinav Prakash Gahlot; Rafael Orozco; Ziyi Yin; Grant Bruer; Felix J Herrmann,2025,Geophysical Journal International,https://doi.org/10.1093/gji/ggaf176,peer_reviewed_journal,monitoring_mrv,monitoring design/MRV,Unmapped applications,monitoring update of CO2 plume state and uncertainty for MRV-facing surveillance,synthetic monitoring,not reported,simulation-based inference,posterior CO2 plume-state estimates conditioned on 3D seismic observations,synthetic monitoring benchmark,confirmed_absent,confirmed_absent,confirmed_absent,confirmed_absent,calibrated_or_posterior_checked,not_applicable,not_reported,not_reported,not_reported,not_reported,not_reported,unclear,encoded_or_simplified,scored,scored,scored,scored,scored,yes
Tang2022_DLDataAssimilationForecasting,A deep learning-accelerated data assimilation and forecasting workflow for commercial-scale geologic carbon storage,Hewei Tang; Pengcheng Fu; Christopher S. Sherman; Jize Zhang; Xin Ju; François Hamon; Nicholas A. Azzolina; Matthew Burton-Kelly; Joseph P. Morris,2021,International Journal of Greenhouse Gas Control,https://doi.org/10.1016/j.ijggc.2021.103488,peer_reviewed_journal,monitoring_history_matching,Bayesian history matching,"Monitoring, inversion and updating",rapid history matching and reservoir forecasting for commercial-scale storage management,synthetic monitoring,not reported,deep learning surrogate plus ensemble data assimilation,dynamic pressure and CO2 plume extents with forecast uncertainty,synthetic monitoring and data-assimilation benchmark,confirmed_absent,confirmed_absent,unseen_geology_or_faults,confirmed_absent,calibrated_or_posterior_checked,confirmed_absent,not_reported,not_reported,not_reported,not_reported,not_reported,encoded_or_simplified,encoded_or_simplified,scored,scored,scored,scored,scored,yes
Teng2024_LikelihoodFreeDA,Likelihood-free inference and hierarchical data assimilation for geological carbon storage,Wenchao Teng; Louis J. Durlofsky,2025,Advances in Water Resources,https://doi.org/10.1016/j.advwatres.2025.104961,peer_reviewed_journal,monitoring_history_matching,Bayesian history matching,"Monitoring, inversion and updating",posterior forecasting and uncertainty reduction from dynamic monitoring-well data,synthetic simulation,not reported,deep learning surrogate plus likelihood-free Bayesian inference,"posterior hyperparameters, posterior permeability, pressure and saturation history matching",synthetic data-assimilation benchmark,confirmed_absent,confirmed_absent,confirmed_absent,confirmed_absent,calibrated_or_posterior_checked,confirmed_absent,not_reported,not_reported,not_reported,not_reported,not_reported,not_reported,encoded_or_simplified,scored,scored,scored,scored,scored,yes
VoThanh2026_DigitalTwinGNN,Toward Real-Time Digital Twins for CO₂ Storage: Graph Neural Network Ensembles for Multi-physics Forecasting and Risk Quantification,Hung Vo Thanh; Zhenxue Dai; Tao Zhang,2026,Rock Mechanics and Rock Engineering,https://doi.org/10.1007/s00603-026-05545-5,peer_reviewed_journal,dynamic_prediction_and_risk,geomechanics/seal risk,"Leakage, wellbore and containment risk",rapid scenario screening and monitoring-oriented risk forecasting,synthetic simulation,none,graph neural network ensemble,"gas saturation, formation-water pH, and vertical surface displacement",strict realization-level simulation split,confirmed_absent,confirmed_absent,same_distribution_only,confirmed_absent,calibrated_or_posterior_checked,not_applicable,inherited_or_discussed,not_reported,diagnostic_checked,encoded_or_simplified,encoded_or_simplified,not_applicable,not_reported,scored,scored,scored,scored,scored,yes
Diplas2026_DOEInjection,A Fully Automated Design of Experiments-Based Method for Rapidly Screening Near-Optimal CO2 Injection Strategies,Demis Diplas; Sofianos Panagiotis Fotias; Ismail Ismail; Spyridon Bellas; Vassilis Gaganis,2026,Energies,https://doi.org/10.3390/en19051361,peer_reviewed_journal,operation_control,injection optimization,Operation and control,screen well placement and rate allocations near operational pressure limits,synthetic simulation,none,response-surface surrogate and optimization,stored CO2 objective and bottom-hole-pressure constraints,held-out full-physics simulation cases,confirmed_absent,confirmed_absent,confirmed_absent,confirmed_absent,confirmed_absent,propagated_into_inference_or_decision,not_reported,diagnostic_checked,not_reported,encoded_or_simplified,confirmed_absent,not_applicable,not_applicable,scored,scored,scored,scored,scored,yes
Arafath2025_MalayBasinML,Permeability Prediction and Potential Site Assessment for CO2 Storage from Core Data and Well-Log Data in Malay Basin Using Advanced Machine Learning Algorithms,Md Yeasin Arafath; AKM Eahsanul Haque; Numair Ahmed Siddiqui; B. Venkateshwaran; Sohag Ali,2025,ACS Omega,https://doi.org/10.1021/acsomega.4c07242,peer_reviewed_journal,pre_injection,site screening,Screening and characterization,screen reservoir and caprock intervals for potential CO2 storage,field-derived database,"X field, Malay Basin",supervised classification,permeability class and storage/caprock interval suitability,held-out field data and 10-fold cross-validation,field_observation_comparison,confirmed_absent,confirmed_absent,confirmed_absent,deterministic_or_confirmed_absent,not_applicable,not_applicable,not_applicable,not_applicable,not_reported,not_reported,encoded_or_simplified,not_reported,scored,scored,scored,scored,scored,yes
TARGET_JointInversion2023_2022JB025372,Joint Inversion of Geophysical Data for Geologic Carbon Sequestration Monitoring: A Differentiable Physics‐Informed Neural Network Model,Mingliang Liu; Divakar Vashisth; Dario Grana; Tapan Mukerji,2023,Journal of Geophysical Research: Solid Earth,https://doi.org/10.1029/2022jb025372,peer_reviewed_journal,monitoring_mrv,multiphysics inversion,"Monitoring, inversion and updating",update plume and saturation interpretation from joint geophysical monitoring,synthetic monitoring,modified Sleipner benchmark; no observed field data used for ML validation,physics-informed inversion,porosity and time-lapse CO2 saturation fields; global rock-physics parameters,synthetic joint-inversion benchmark,confirmed_absent,confirmed_absent,confirmed_absent,confirmed_absent,not_reported,not_applicable,not_reported,not_reported,not_reported,not_reported,not_reported,encoded_or_simplified,encoded_or_simplified,scored,scored,scored,scored,scored,yes
TARGET_DRLGeoRisk2026_214483,Deep reinforcement learning optimizing for geological CO2 storage considering geomechanical and leakage risks,Gamze Erdogan Erten; Bo Zhang; Shuxin Qiao; Walid BenSaleh; Jeff Boisvert,2026,Geoenergy Science and Engineering,https://doi.org/10.1016/j.geoen.2026.214483,peer_reviewed_journal,operation_control,RL control,Operation and control,"optimize injection schedules subject to pressure, geomechanical, and leakage constraints",field-inspired simulation,Aquistore-inspired conditional geostatistical model; no observed field validation,deep reinforcement learning,"injection policy, stored mass, pressure, stress-risk and leakage-risk penalties",simulation optimization benchmark across held-out geologic realizations,confirmed_absent,confirmed_absent,confirmed_absent,confirmed_absent,not_reported,confirmed_absent,not_reported,diagnostic_checked,not_reported,encoded_or_simplified,not_reported,not_reported,not_reported,scored,scored,scored,scored,scored,yes
