paper_id,title,provisional_primary_family_id,secondary_family_id,ambiguity,current_treatment,required_author_action,automatic_writeback
Crain2023_MonitoringHistory,An integrated framework for optimal monitoring and history matching in CO2 storage projects,F7_digital_twin_monitoring_updated,F5_probabilistic_generative_inversion,Optimal monitoring and history matching combine a lifecycle update loop with Bayesian/data-assimilation inference.,Count once under provisional primary family; retain secondary link; do not infer maturity from family membership.,Confirm primary workflow role before any family-specific maturity aggregation or manuscript count claim.,prohibited
ESR_Chan2024_124,Accelerated Co2 Storage Optimization Using Multi-Resolution Fourier Neural Operator at the Illinois Basin Decatur Project (Ibdp),F6_control_reinforcement_learning,F3_neural_operator_multifidelity,A neural operator is embedded in an optimization workflow; the decision role is primary and operator architecture is secondary.,Count once under provisional primary family; retain secondary link; do not infer maturity from family membership.,Confirm primary workflow role before any family-specific maturity aggregation or manuscript count claim.,prohibited
ESR_Park2025_223,Deep learning-assisted THM-integrated InSAR modeling for CO2 storage characterization and surface deformation forecasting,F2_physics_guided_informed,F7_digital_twin_monitoring_updated,"THM integration supports a physics-guided reading, while the InSAR monitoring role links the workflow to a monitoring-updated family.",Count once under provisional primary family; retain secondary link; do not infer maturity from family membership.,Confirm primary workflow role before any family-specific maturity aggregation or manuscript count claim.,prohibited
ESR_Tariq2023_174,Physics Informed Surrogate Model Development in Predicting Dynamic Temporal and Spatial Variations During CO2 Injection into Deep Saline Aquifers,F3_neural_operator_multifidelity,F2_physics_guided_informed,The model combines neural-operator components with physics-informed constraints; neither label alone captures the workflow.,Count once under provisional primary family; retain secondary link; do not infer maturity from family membership.,Confirm primary workflow role before any family-specific maturity aggregation or manuscript count claim.,prohibited
ESR_Um2024_104,Deep learning multiphysics network for imaging CO2 saturation and estimating uncertainty in geological carbon storage,F7_digital_twin_monitoring_updated,F5_probabilistic_generative_inversion,"The record supports monitoring update, but the locked method description does not resolve whether uncertainty inference is the dominant mechanism.",Count once under provisional primary family; retain secondary link; do not infer maturity from family membership.,Confirm primary workflow role before any family-specific maturity aggregation or manuscript count claim.,prohibited
ESR_Vishal2025_213,"AI-Driven Reservoir Characterization for CO2 Storage: Integrating CNNs for Seismic Interpretation, Machine Learning, and Statistical Validation for Uncertainty Quantification, Risk Mitigation, and Storage Optimization in the Cauvery Basin",F1_unconstrained_data_driven,F6_control_reinforcement_learning,"The paper combines CNN-based characterization with storage optimization, and the locked WP5 mapping already marks the decision role as unclear.",Count once under provisional primary family; retain secondary link; do not infer maturity from family membership.,Confirm primary workflow role before any family-specific maturity aggregation or manuscript count claim.,prohibited
Gahlot2025_DigitalShadow,An uncertainty-aware digital shadow for underground multimodal CO2 storage monitoring,F7_digital_twin_monitoring_updated,F5_probabilistic_generative_inversion,Conditional normalizing-flow inference is embedded in a digital-shadow monitoring concept; the lifecycle role is treated as primary.,Count once under provisional primary family; retain secondary link; do not infer maturity from family membership.,Confirm primary workflow role before any family-specific maturity aggregation or manuscript count claim.,prohibited
TARGET_JointInversion2023_2022JB025372,Joint Inversion of Geophysical Data for Geologic Carbon Sequestration Monitoring: A Differentiable Physics-Informed Neural Network Model,F5_probabilistic_generative_inversion,F2_physics_guided_informed,"Joint probabilistic inversion uses explicit physics-informed components, so inferential role and physics architecture overlap.",Count once under provisional primary family; retain secondary link; do not infer maturity from family membership.,Confirm primary workflow role before any family-specific maturity aggregation or manuscript count claim.,prohibited
VoThanh2026_DigitalTwinGNN,Toward Real-Time Digital Twins for CO2 Storage: Graph Neural Network Ensembles for Multi-physics Forecasting and Risk Quantification,F7_digital_twin_monitoring_updated,F4_graph_connectivity_fault,"The workflow is framed as a digital twin, but its principal emulator is a graph neural-network ensemble.",Count once under provisional primary family; retain secondary link; do not infer maturity from family membership.,Confirm primary workflow role before any family-specific maturity aggregation or manuscript count claim.,prohibited
