figure_id,visual_element,aggregation_rule,source_file,source_paper_ids,source_paper_count,unknown_count,notes
Fig01,decision chain and eight evidence layers,author synthesis from seven WP5 packages,evidence/WP5_MINIMUM_VALIDATION_PACKAGES.csv,Arafath2025_MalayBasinML;Attanasi2025_ResourceML;Baek2023_WellboreLeakage;Crain2023_MonitoringHistory;Diplas2026_DOEInjection;ESR_Chan2024_124;ESR_Chen2024_119;ESR_Falola2024_123;ESR_Hassani2024_118;ESR_Kadeethum2024_128;ESR_Kanakaki2025_045;ESR_Liu2025_121;ESR_Lozano2025_215;ESR_Meng2025_211;ESR_Nunez2023_166;ESR_Park2025_223;ESR_Pawar2023_168;ESR_RefNone_173;ESR_Tang2022_226;ESR_Tang2024_135;ESR_Tariq2023_174;ESR_Um2024_091;ESR_Um2024_104;ESR_Vishal2025_213;ESR_Wang2024_089;ESR_Wu2025_042;ESR_Zhang2025_115;ESR_Zhang2025_178;ESR_Zheng2025_207;ESR_Zhou2026_127;Gahlot2025_DigitalShadow;Han2024_HierarchicalMCMC;Jiang2024_DSIHistoryMatching;Leong2024_SeisCO2Net;Lin2020_PressureLeakage;Lu2022_BayesianOptimization;Lu2025_GISMLSite;Mo2018_EncoderDecoderUQ;Nassabeh2024_OffshoreSite;Seabra2024_AIEnhancedDA;Shokouhi2021_PhysicsInformedSite;TARGET_DRLGeoRisk2026_214483;TARGET_JointInversion2023_2022JB025372;Tang2022_DLDataAssimilationForecasting;Tang2024_GNNFaulted;Teng2024_LikelihoodFreeDA;VoThanh2026_DigitalTwinGNN;Wang2025_4DHistoryMatching;Wen2021_CCSNet;Wen2021_PlumeDNN;Wen2022_UFNO;Wen2023_NestedFNO;Witte2023_WNO;Yan2021_RobustDLWorkflow;Yin2022_XAILeakage;Zhang2021_LearningInversionFreeForecast;Zhong2019_PressureAnomaly,57,NA,Conceptual synthesis; not a quantitative maturity score.
Fig02,Storage dynamics and surrogates | Simulator-generated,count of N=57 claim-eligible records after documented regime grouping,evidence/WP4_CONSERVATIVE_ANALYSIS_CORE.csv,ESR_Falola2024_123;ESR_Hassani2024_118;ESR_Kadeethum2024_128;ESR_Liu2025_121;ESR_Pawar2023_168;ESR_Tang2024_135;ESR_Tariq2023_174;ESR_Zhang2025_178;ESR_Zhou2026_127;Mo2018_EncoderDecoderUQ;Shokouhi2021_PhysicsInformedSite;Tang2024_GNNFaulted;Wen2021_CCSNet;Wen2021_PlumeDNN;Wen2022_UFNO;Wen2023_NestedFNO;Yan2021_RobustDLWorkflow;Zhang2021_LearningInversionFreeForecast,18,0,Other/cross-cutting combines two one-record groups; no record is removed.
Fig02,Storage dynamics and surrogates | Synthetic monitoring,count of N=57 claim-eligible records after documented regime grouping,evidence/WP4_CONSERVATIVE_ANALYSIS_CORE.csv,,0,0,Other/cross-cutting combines two one-record groups; no record is removed.
Fig02,Storage dynamics and surrogates | Field-inspired simulation,count of N=57 claim-eligible records after documented regime grouping,evidence/WP4_CONSERVATIVE_ANALYSIS_CORE.csv,ESR_Nunez2023_166;ESR_Zhang2025_115;Witte2023_WNO,3,0,Other/cross-cutting combines two one-record groups; no record is removed.
Fig02,Storage dynamics and surrogates | Single field case,count of N=57 claim-eligible records after documented regime grouping,evidence/WP4_CONSERVATIVE_ANALYSIS_CORE.csv,,0,0,Other/cross-cutting combines two one-record groups; no record is removed.
Fig02,Storage dynamics and surrogates | Field-/experiment-derived,count of N=57 claim-eligible records after documented regime grouping,evidence/WP4_CONSERVATIVE_ANALYSIS_CORE.csv,ESR_RefNone_173,1,0,Other/cross-cutting combines two one-record groups; no record is removed.
Fig02,Storage dynamics and surrogates | Not reported,count of N=57 claim-eligible records after documented regime grouping,evidence/WP4_CONSERVATIVE_ANALYSIS_CORE.csv,,0,0,Other/cross-cutting combines two one-record groups; no record is removed.
Fig02,"Monitoring, inversion and updating | Simulator-generated",count of N=57 claim-eligible records after documented regime grouping,evidence/WP4_CONSERVATIVE_ANALYSIS_CORE.csv,Han2024_HierarchicalMCMC;Seabra2024_AIEnhancedDA;Teng2024_LikelihoodFreeDA,3,0,Other/cross-cutting combines two one-record groups; no record is removed.
Fig02,"Monitoring, inversion and updating | Synthetic monitoring",count of N=57 claim-eligible records after documented regime grouping,evidence/WP4_CONSERVATIVE_ANALYSIS_CORE.csv,Crain2023_MonitoringHistory;ESR_Lozano2025_215;ESR_Um2024_091;Jiang2024_DSIHistoryMatching;TARGET_JointInversion2023_2022JB025372;Tang2022_DLDataAssimilationForecasting;Wang2025_4DHistoryMatching,7,0,Other/cross-cutting combines two one-record groups; no record is removed.
Fig02,"Monitoring, inversion and updating | Field-inspired simulation",count of N=57 claim-eligible records after documented regime grouping,evidence/WP4_CONSERVATIVE_ANALYSIS_CORE.csv,,0,0,Other/cross-cutting combines two one-record groups; no record is removed.
Fig02,"Monitoring, inversion and updating | Single field case",count of N=57 claim-eligible records after documented regime grouping,evidence/WP4_CONSERVATIVE_ANALYSIS_CORE.csv,ESR_Wang2024_089;Leong2024_SeisCO2Net,2,0,Other/cross-cutting combines two one-record groups; no record is removed.
Fig02,"Monitoring, inversion and updating | Field-/experiment-derived",count of N=57 claim-eligible records after documented regime grouping,evidence/WP4_CONSERVATIVE_ANALYSIS_CORE.csv,,0,0,Other/cross-cutting combines two one-record groups; no record is removed.
Fig02,"Monitoring, inversion and updating | Not reported",count of N=57 claim-eligible records after documented regime grouping,evidence/WP4_CONSERVATIVE_ANALYSIS_CORE.csv,ESR_Um2024_104,1,1,Other/cross-cutting combines two one-record groups; no record is removed.
Fig02,"Leakage, wellbore and containment risk | Simulator-generated",count of N=57 claim-eligible records after documented regime grouping,evidence/WP4_CONSERVATIVE_ANALYSIS_CORE.csv,Baek2023_WellboreLeakage;ESR_Zheng2025_207;Lin2020_PressureLeakage;VoThanh2026_DigitalTwinGNN;Zhong2019_PressureAnomaly,5,0,Other/cross-cutting combines two one-record groups; no record is removed.
Fig02,"Leakage, wellbore and containment risk | Synthetic monitoring",count of N=57 claim-eligible records after documented regime grouping,evidence/WP4_CONSERVATIVE_ANALYSIS_CORE.csv,ESR_Tang2022_226;Yin2022_XAILeakage,2,0,Other/cross-cutting combines two one-record groups; no record is removed.
Fig02,"Leakage, wellbore and containment risk | Field-inspired simulation",count of N=57 claim-eligible records after documented regime grouping,evidence/WP4_CONSERVATIVE_ANALYSIS_CORE.csv,ESR_Park2025_223,1,0,Other/cross-cutting combines two one-record groups; no record is removed.
Fig02,"Leakage, wellbore and containment risk | Single field case",count of N=57 claim-eligible records after documented regime grouping,evidence/WP4_CONSERVATIVE_ANALYSIS_CORE.csv,,0,0,Other/cross-cutting combines two one-record groups; no record is removed.
Fig02,"Leakage, wellbore and containment risk | Field-/experiment-derived",count of N=57 claim-eligible records after documented regime grouping,evidence/WP4_CONSERVATIVE_ANALYSIS_CORE.csv,,0,0,Other/cross-cutting combines two one-record groups; no record is removed.
Fig02,"Leakage, wellbore and containment risk | Not reported",count of N=57 claim-eligible records after documented regime grouping,evidence/WP4_CONSERVATIVE_ANALYSIS_CORE.csv,ESR_Meng2025_211,1,1,Other/cross-cutting combines two one-record groups; no record is removed.
Fig02,Operation and control | Simulator-generated,count of N=57 claim-eligible records after documented regime grouping,evidence/WP4_CONSERVATIVE_ANALYSIS_CORE.csv,Diplas2026_DOEInjection;ESR_Chen2024_119;ESR_Wu2025_042;Lu2022_BayesianOptimization,4,0,Other/cross-cutting combines two one-record groups; no record is removed.
Fig02,Operation and control | Synthetic monitoring,count of N=57 claim-eligible records after documented regime grouping,evidence/WP4_CONSERVATIVE_ANALYSIS_CORE.csv,,0,0,Other/cross-cutting combines two one-record groups; no record is removed.
Fig02,Operation and control | Field-inspired simulation,count of N=57 claim-eligible records after documented regime grouping,evidence/WP4_CONSERVATIVE_ANALYSIS_CORE.csv,ESR_Chan2024_124;TARGET_DRLGeoRisk2026_214483,2,0,Other/cross-cutting combines two one-record groups; no record is removed.
Fig02,Operation and control | Single field case,count of N=57 claim-eligible records after documented regime grouping,evidence/WP4_CONSERVATIVE_ANALYSIS_CORE.csv,,0,0,Other/cross-cutting combines two one-record groups; no record is removed.
Fig02,Operation and control | Field-/experiment-derived,count of N=57 claim-eligible records after documented regime grouping,evidence/WP4_CONSERVATIVE_ANALYSIS_CORE.csv,ESR_Vishal2025_213,1,0,Other/cross-cutting combines two one-record groups; no record is removed.
Fig02,Operation and control | Not reported,count of N=57 claim-eligible records after documented regime grouping,evidence/WP4_CONSERVATIVE_ANALYSIS_CORE.csv,,0,0,Other/cross-cutting combines two one-record groups; no record is removed.
Fig02,Screening and characterization | Simulator-generated,count of N=57 claim-eligible records after documented regime grouping,evidence/WP4_CONSERVATIVE_ANALYSIS_CORE.csv,,0,0,Other/cross-cutting combines two one-record groups; no record is removed.
Fig02,Screening and characterization | Synthetic monitoring,count of N=57 claim-eligible records after documented regime grouping,evidence/WP4_CONSERVATIVE_ANALYSIS_CORE.csv,,0,0,Other/cross-cutting combines two one-record groups; no record is removed.
Fig02,Screening and characterization | Field-inspired simulation,count of N=57 claim-eligible records after documented regime grouping,evidence/WP4_CONSERVATIVE_ANALYSIS_CORE.csv,,0,0,Other/cross-cutting combines two one-record groups; no record is removed.
Fig02,Screening and characterization | Single field case,count of N=57 claim-eligible records after documented regime grouping,evidence/WP4_CONSERVATIVE_ANALYSIS_CORE.csv,,0,0,Other/cross-cutting combines two one-record groups; no record is removed.
Fig02,Screening and characterization | Field-/experiment-derived,count of N=57 claim-eligible records after documented regime grouping,evidence/WP4_CONSERVATIVE_ANALYSIS_CORE.csv,Arafath2025_MalayBasinML;Attanasi2025_ResourceML;Lu2025_GISMLSite;Nassabeh2024_OffshoreSite,4,0,Other/cross-cutting combines two one-record groups; no record is removed.
Fig02,Screening and characterization | Not reported,count of N=57 claim-eligible records after documented regime grouping,evidence/WP4_CONSERVATIVE_ANALYSIS_CORE.csv,,0,0,Other/cross-cutting combines two one-record groups; no record is removed.
Fig02,Other / cross-cutting | Simulator-generated,count of N=57 claim-eligible records after documented regime grouping,evidence/WP4_CONSERVATIVE_ANALYSIS_CORE.csv,ESR_Kanakaki2025_045,1,0,Other/cross-cutting combines two one-record groups; no record is removed.
Fig02,Other / cross-cutting | Synthetic monitoring,count of N=57 claim-eligible records after documented regime grouping,evidence/WP4_CONSERVATIVE_ANALYSIS_CORE.csv,Gahlot2025_DigitalShadow,1,0,Other/cross-cutting combines two one-record groups; no record is removed.
Fig02,Other / cross-cutting | Field-inspired simulation,count of N=57 claim-eligible records after documented regime grouping,evidence/WP4_CONSERVATIVE_ANALYSIS_CORE.csv,,0,0,Other/cross-cutting combines two one-record groups; no record is removed.
Fig02,Other / cross-cutting | Single field case,count of N=57 claim-eligible records after documented regime grouping,evidence/WP4_CONSERVATIVE_ANALYSIS_CORE.csv,,0,0,Other/cross-cutting combines two one-record groups; no record is removed.
Fig02,Other / cross-cutting | Field-/experiment-derived,count of N=57 claim-eligible records after documented regime grouping,evidence/WP4_CONSERVATIVE_ANALYSIS_CORE.csv,,0,0,Other/cross-cutting combines two one-record groups; no record is removed.
Fig02,Other / cross-cutting | Not reported,count of N=57 claim-eligible records after documented regime grouping,evidence/WP4_CONSERVATIVE_ANALYSIS_CORE.csv,,0,0,Other/cross-cutting combines two one-record groups; no record is removed.
Fig03,field_evidence_score,score distribution across N=57; unscored retained separately,evidence/DECISION_EVIDENCE_PROFILES.csv,Arafath2025_MalayBasinML;Attanasi2025_ResourceML;Baek2023_WellboreLeakage;Crain2023_MonitoringHistory;Diplas2026_DOEInjection;ESR_Chan2024_124;ESR_Chen2024_119;ESR_Falola2024_123;ESR_Hassani2024_118;ESR_Kadeethum2024_128;ESR_Kanakaki2025_045;ESR_Liu2025_121;ESR_Lozano2025_215;ESR_Meng2025_211;ESR_Nunez2023_166;ESR_Park2025_223;ESR_Pawar2023_168;ESR_RefNone_173;ESR_Tang2022_226;ESR_Tang2024_135;ESR_Tariq2023_174;ESR_Um2024_091;ESR_Um2024_104;ESR_Vishal2025_213;ESR_Wang2024_089;ESR_Wu2025_042;ESR_Zhang2025_115;ESR_Zhang2025_178;ESR_Zheng2025_207;ESR_Zhou2026_127;Gahlot2025_DigitalShadow;Han2024_HierarchicalMCMC;Jiang2024_DSIHistoryMatching;Leong2024_SeisCO2Net;Lin2020_PressureLeakage;Lu2022_BayesianOptimization;Lu2025_GISMLSite;Mo2018_EncoderDecoderUQ;Nassabeh2024_OffshoreSite;Seabra2024_AIEnhancedDA;Shokouhi2021_PhysicsInformedSite;TARGET_DRLGeoRisk2026_214483;TARGET_JointInversion2023_2022JB025372;Tang2022_DLDataAssimilationForecasting;Tang2024_GNNFaulted;Teng2024_LikelihoodFreeDA;VoThanh2026_DigitalTwinGNN;Wang2025_4DHistoryMatching;Wen2021_CCSNet;Wen2021_PlumeDNN;Wen2022_UFNO;Wen2023_NestedFNO;Witte2023_WNO;Yan2021_RobustDLWorkflow;Yin2022_XAILeakage;Zhang2021_LearningInversionFreeForecast;Zhong2019_PressureAnomaly,57,2,Unknown/not reported values are not included in any score bin.
Fig03,physical_consistency_score,score distribution across N=57; unscored retained separately,evidence/DECISION_EVIDENCE_PROFILES.csv,Arafath2025_MalayBasinML;Attanasi2025_ResourceML;Baek2023_WellboreLeakage;Crain2023_MonitoringHistory;Diplas2026_DOEInjection;ESR_Chan2024_124;ESR_Chen2024_119;ESR_Falola2024_123;ESR_Hassani2024_118;ESR_Kadeethum2024_128;ESR_Kanakaki2025_045;ESR_Liu2025_121;ESR_Lozano2025_215;ESR_Meng2025_211;ESR_Nunez2023_166;ESR_Park2025_223;ESR_Pawar2023_168;ESR_RefNone_173;ESR_Tang2022_226;ESR_Tang2024_135;ESR_Tariq2023_174;ESR_Um2024_091;ESR_Um2024_104;ESR_Vishal2025_213;ESR_Wang2024_089;ESR_Wu2025_042;ESR_Zhang2025_115;ESR_Zhang2025_178;ESR_Zheng2025_207;ESR_Zhou2026_127;Gahlot2025_DigitalShadow;Han2024_HierarchicalMCMC;Jiang2024_DSIHistoryMatching;Leong2024_SeisCO2Net;Lin2020_PressureLeakage;Lu2022_BayesianOptimization;Lu2025_GISMLSite;Mo2018_EncoderDecoderUQ;Nassabeh2024_OffshoreSite;Seabra2024_AIEnhancedDA;Shokouhi2021_PhysicsInformedSite;TARGET_DRLGeoRisk2026_214483;TARGET_JointInversion2023_2022JB025372;Tang2022_DLDataAssimilationForecasting;Tang2024_GNNFaulted;Teng2024_LikelihoodFreeDA;VoThanh2026_DigitalTwinGNN;Wang2025_4DHistoryMatching;Wen2021_CCSNet;Wen2021_PlumeDNN;Wen2022_UFNO;Wen2023_NestedFNO;Witte2023_WNO;Yan2021_RobustDLWorkflow;Yin2022_XAILeakage;Zhang2021_LearningInversionFreeForecast;Zhong2019_PressureAnomaly,57,14,Unknown/not reported values are not included in any score bin.
Fig03,uncertainty_score,score distribution across N=57; unscored retained separately,evidence/DECISION_EVIDENCE_PROFILES.csv,Arafath2025_MalayBasinML;Attanasi2025_ResourceML;Baek2023_WellboreLeakage;Crain2023_MonitoringHistory;Diplas2026_DOEInjection;ESR_Chan2024_124;ESR_Chen2024_119;ESR_Falola2024_123;ESR_Hassani2024_118;ESR_Kadeethum2024_128;ESR_Kanakaki2025_045;ESR_Liu2025_121;ESR_Lozano2025_215;ESR_Meng2025_211;ESR_Nunez2023_166;ESR_Park2025_223;ESR_Pawar2023_168;ESR_RefNone_173;ESR_Tang2022_226;ESR_Tang2024_135;ESR_Tariq2023_174;ESR_Um2024_091;ESR_Um2024_104;ESR_Vishal2025_213;ESR_Wang2024_089;ESR_Wu2025_042;ESR_Zhang2025_115;ESR_Zhang2025_178;ESR_Zheng2025_207;ESR_Zhou2026_127;Gahlot2025_DigitalShadow;Han2024_HierarchicalMCMC;Jiang2024_DSIHistoryMatching;Leong2024_SeisCO2Net;Lin2020_PressureLeakage;Lu2022_BayesianOptimization;Lu2025_GISMLSite;Mo2018_EncoderDecoderUQ;Nassabeh2024_OffshoreSite;Seabra2024_AIEnhancedDA;Shokouhi2021_PhysicsInformedSite;TARGET_DRLGeoRisk2026_214483;TARGET_JointInversion2023_2022JB025372;Tang2022_DLDataAssimilationForecasting;Tang2024_GNNFaulted;Teng2024_LikelihoodFreeDA;VoThanh2026_DigitalTwinGNN;Wang2025_4DHistoryMatching;Wen2021_CCSNet;Wen2021_PlumeDNN;Wen2022_UFNO;Wen2023_NestedFNO;Witte2023_WNO;Yan2021_RobustDLWorkflow;Yin2022_XAILeakage;Zhang2021_LearningInversionFreeForecast;Zhong2019_PressureAnomaly,57,30,Unknown/not reported values are not included in any score bin.
Fig03,transferability_score,score distribution across N=57; unscored retained separately,evidence/DECISION_EVIDENCE_PROFILES.csv,Arafath2025_MalayBasinML;Attanasi2025_ResourceML;Baek2023_WellboreLeakage;Crain2023_MonitoringHistory;Diplas2026_DOEInjection;ESR_Chan2024_124;ESR_Chen2024_119;ESR_Falola2024_123;ESR_Hassani2024_118;ESR_Kadeethum2024_128;ESR_Kanakaki2025_045;ESR_Liu2025_121;ESR_Lozano2025_215;ESR_Meng2025_211;ESR_Nunez2023_166;ESR_Park2025_223;ESR_Pawar2023_168;ESR_RefNone_173;ESR_Tang2022_226;ESR_Tang2024_135;ESR_Tariq2023_174;ESR_Um2024_091;ESR_Um2024_104;ESR_Vishal2025_213;ESR_Wang2024_089;ESR_Wu2025_042;ESR_Zhang2025_115;ESR_Zhang2025_178;ESR_Zheng2025_207;ESR_Zhou2026_127;Gahlot2025_DigitalShadow;Han2024_HierarchicalMCMC;Jiang2024_DSIHistoryMatching;Leong2024_SeisCO2Net;Lin2020_PressureLeakage;Lu2022_BayesianOptimization;Lu2025_GISMLSite;Mo2018_EncoderDecoderUQ;Nassabeh2024_OffshoreSite;Seabra2024_AIEnhancedDA;Shokouhi2021_PhysicsInformedSite;TARGET_DRLGeoRisk2026_214483;TARGET_JointInversion2023_2022JB025372;Tang2022_DLDataAssimilationForecasting;Tang2024_GNNFaulted;Teng2024_LikelihoodFreeDA;VoThanh2026_DigitalTwinGNN;Wang2025_4DHistoryMatching;Wen2021_CCSNet;Wen2021_PlumeDNN;Wen2022_UFNO;Wen2023_NestedFNO;Witte2023_WNO;Yan2021_RobustDLWorkflow;Yin2022_XAILeakage;Zhang2021_LearningInversionFreeForecast;Zhong2019_PressureAnomaly,57,34,Unknown/not reported values are not included in any score bin.
Fig03,decision_readiness_score,score distribution across N=57; unscored retained separately,evidence/DECISION_EVIDENCE_PROFILES.csv,Arafath2025_MalayBasinML;Attanasi2025_ResourceML;Baek2023_WellboreLeakage;Crain2023_MonitoringHistory;Diplas2026_DOEInjection;ESR_Chan2024_124;ESR_Chen2024_119;ESR_Falola2024_123;ESR_Hassani2024_118;ESR_Kadeethum2024_128;ESR_Kanakaki2025_045;ESR_Liu2025_121;ESR_Lozano2025_215;ESR_Meng2025_211;ESR_Nunez2023_166;ESR_Park2025_223;ESR_Pawar2023_168;ESR_RefNone_173;ESR_Tang2022_226;ESR_Tang2024_135;ESR_Tariq2023_174;ESR_Um2024_091;ESR_Um2024_104;ESR_Vishal2025_213;ESR_Wang2024_089;ESR_Wu2025_042;ESR_Zhang2025_115;ESR_Zhang2025_178;ESR_Zheng2025_207;ESR_Zhou2026_127;Gahlot2025_DigitalShadow;Han2024_HierarchicalMCMC;Jiang2024_DSIHistoryMatching;Leong2024_SeisCO2Net;Lin2020_PressureLeakage;Lu2022_BayesianOptimization;Lu2025_GISMLSite;Mo2018_EncoderDecoderUQ;Nassabeh2024_OffshoreSite;Seabra2024_AIEnhancedDA;Shokouhi2021_PhysicsInformedSite;TARGET_DRLGeoRisk2026_214483;TARGET_JointInversion2023_2022JB025372;Tang2022_DLDataAssimilationForecasting;Tang2024_GNNFaulted;Teng2024_LikelihoodFreeDA;VoThanh2026_DigitalTwinGNN;Wang2025_4DHistoryMatching;Wen2021_CCSNet;Wen2021_PlumeDNN;Wen2022_UFNO;Wen2023_NestedFNO;Witte2023_WNO;Yan2021_RobustDLWorkflow;Yin2022_XAILeakage;Zhang2021_LearningInversionFreeForecast;Zhong2019_PressureAnomaly,57,3,Unknown/not reported values are not included in any score bin.
Fig04,Storage dynamics and surrogates | direct_field_validation,positive count divided by full application-group denominator; missing retained,evidence/WP4_VALIDATION_OUTCOME_PROFILES.csv,,0,22,Cell annotation is positive/total; NR reports not-reported count.
Fig04,Storage dynamics and surrogates | controlled_release_ml_validation,positive count divided by full application-group denominator; missing retained,evidence/WP4_VALIDATION_OUTCOME_PROFILES.csv,,0,22,Cell annotation is positive/total; NR reports not-reported count.
Fig04,Storage dynamics and surrogates | explicit_ood_testing,positive count divided by full application-group denominator; missing retained,evidence/WP4_VALIDATION_OUTCOME_PROFILES.csv,ESR_Nunez2023_166;ESR_RefNone_173;ESR_Zhang2025_115;Mo2018_EncoderDecoderUQ;Tang2024_GNNFaulted;Wen2021_PlumeDNN;Wen2023_NestedFNO;Yan2021_RobustDLWorkflow;Zhang2021_LearningInversionFreeForecast,9,13,Cell annotation is positive/total; NR reports not-reported count.
Fig04,Storage dynamics and surrogates | explicit_cross_site_testing,positive count divided by full application-group denominator; missing retained,evidence/WP4_VALIDATION_OUTCOME_PROFILES.csv,,0,22,Cell annotation is positive/total; NR reports not-reported count.
Fig04,Storage dynamics and surrogates | uncertainty_calibration_or_posterior_check,positive count divided by full application-group denominator; missing retained,evidence/WP4_VALIDATION_OUTCOME_PROFILES.csv,Zhang2021_LearningInversionFreeForecast,1,21,Cell annotation is positive/total; NR reports not-reported count.
Fig04,Storage dynamics and surrogates | surrogate_error_propagation,positive count divided by full application-group denominator; missing retained,evidence/WP4_VALIDATION_OUTCOME_PROFILES.csv,,0,22,Cell annotation is positive/total; NR reports not-reported count.
Fig04,Storage dynamics and surrogates | any_physical_diagnostic_checked,positive count divided by full application-group denominator; missing retained,evidence/WP4_VALIDATION_OUTCOME_PROFILES.csv,ESR_Tang2024_135;Mo2018_EncoderDecoderUQ;Tang2024_GNNFaulted;Wen2021_CCSNet;Wen2021_PlumeDNN;Wen2022_UFNO;Wen2023_NestedFNO;Yan2021_RobustDLWorkflow,8,10,Cell annotation is positive/total; NR reports not-reported count.
Fig04,"Monitoring, inversion and updating | direct_field_validation",positive count divided by full application-group denominator; missing retained,evidence/WP4_VALIDATION_OUTCOME_PROFILES.csv,ESR_Wang2024_089;Leong2024_SeisCO2Net,2,10,Cell annotation is positive/total; NR reports not-reported count.
Fig04,"Monitoring, inversion and updating | controlled_release_ml_validation",positive count divided by full application-group denominator; missing retained,evidence/WP4_VALIDATION_OUTCOME_PROFILES.csv,Leong2024_SeisCO2Net,1,11,Cell annotation is positive/total; NR reports not-reported count.
Fig04,"Monitoring, inversion and updating | explicit_ood_testing",positive count divided by full application-group denominator; missing retained,evidence/WP4_VALIDATION_OUTCOME_PROFILES.csv,Han2024_HierarchicalMCMC;Jiang2024_DSIHistoryMatching;Leong2024_SeisCO2Net;Wang2025_4DHistoryMatching,4,8,Cell annotation is positive/total; NR reports not-reported count.
Fig04,"Monitoring, inversion and updating | explicit_cross_site_testing",positive count divided by full application-group denominator; missing retained,evidence/WP4_VALIDATION_OUTCOME_PROFILES.csv,,0,12,Cell annotation is positive/total; NR reports not-reported count.
Fig04,"Monitoring, inversion and updating | uncertainty_calibration_or_posterior_check",positive count divided by full application-group denominator; missing retained,evidence/WP4_VALIDATION_OUTCOME_PROFILES.csv,ESR_Um2024_091;Han2024_HierarchicalMCMC;Wang2025_4DHistoryMatching,3,10,Cell annotation is positive/total; NR reports not-reported count.
Fig04,"Monitoring, inversion and updating | surrogate_error_propagation",positive count divided by full application-group denominator; missing retained,evidence/WP4_VALIDATION_OUTCOME_PROFILES.csv,Han2024_HierarchicalMCMC;Jiang2024_DSIHistoryMatching;Wang2025_4DHistoryMatching,3,9,Cell annotation is positive/total; NR reports not-reported count.
Fig04,"Monitoring, inversion and updating | any_physical_diagnostic_checked",positive count divided by full application-group denominator; missing retained,evidence/WP4_VALIDATION_OUTCOME_PROFILES.csv,Crain2023_MonitoringHistory;ESR_Um2024_091;Han2024_HierarchicalMCMC;Jiang2024_DSIHistoryMatching;Leong2024_SeisCO2Net,5,2,Cell annotation is positive/total; NR reports not-reported count.
Fig04,"Leakage, wellbore and containment risk | direct_field_validation",positive count divided by full application-group denominator; missing retained,evidence/WP4_VALIDATION_OUTCOME_PROFILES.csv,,0,8,Cell annotation is positive/total; NR reports not-reported count.
Fig04,"Leakage, wellbore and containment risk | controlled_release_ml_validation",positive count divided by full application-group denominator; missing retained,evidence/WP4_VALIDATION_OUTCOME_PROFILES.csv,Lin2020_PressureLeakage;Zhong2019_PressureAnomaly,2,6,Cell annotation is positive/total; NR reports not-reported count.
Fig04,"Leakage, wellbore and containment risk | explicit_ood_testing",positive count divided by full application-group denominator; missing retained,evidence/WP4_VALIDATION_OUTCOME_PROFILES.csv,Baek2023_WellboreLeakage;ESR_Tang2022_226;ESR_Zheng2025_207;Lin2020_PressureLeakage;Yin2022_XAILeakage;Zhong2019_PressureAnomaly,6,3,Cell annotation is positive/total; NR reports not-reported count.
Fig04,"Leakage, wellbore and containment risk | explicit_cross_site_testing",positive count divided by full application-group denominator; missing retained,evidence/WP4_VALIDATION_OUTCOME_PROFILES.csv,,0,8,Cell annotation is positive/total; NR reports not-reported count.
Fig04,"Leakage, wellbore and containment risk | uncertainty_calibration_or_posterior_check",positive count divided by full application-group denominator; missing retained,evidence/WP4_VALIDATION_OUTCOME_PROFILES.csv,ESR_Meng2025_211;ESR_Tang2022_226;VoThanh2026_DigitalTwinGNN;Yin2022_XAILeakage,4,5,Cell annotation is positive/total; NR reports not-reported count.
Fig04,"Leakage, wellbore and containment risk | surrogate_error_propagation",positive count divided by full application-group denominator; missing retained,evidence/WP4_VALIDATION_OUTCOME_PROFILES.csv,Lin2020_PressureLeakage,1,8,Cell annotation is positive/total; NR reports not-reported count.
Fig04,"Leakage, wellbore and containment risk | any_physical_diagnostic_checked",positive count divided by full application-group denominator; missing retained,evidence/WP4_VALIDATION_OUTCOME_PROFILES.csv,Baek2023_WellboreLeakage;ESR_Tang2022_226;ESR_Zheng2025_207;VoThanh2026_DigitalTwinGNN;Yin2022_XAILeakage;Zhong2019_PressureAnomaly,6,1,Cell annotation is positive/total; NR reports not-reported count.
Fig04,Operation and control | direct_field_validation,positive count divided by full application-group denominator; missing retained,evidence/WP4_VALIDATION_OUTCOME_PROFILES.csv,,0,5,Cell annotation is positive/total; NR reports not-reported count.
Fig04,Operation and control | controlled_release_ml_validation,positive count divided by full application-group denominator; missing retained,evidence/WP4_VALIDATION_OUTCOME_PROFILES.csv,,0,5,Cell annotation is positive/total; NR reports not-reported count.
Fig04,Operation and control | explicit_ood_testing,positive count divided by full application-group denominator; missing retained,evidence/WP4_VALIDATION_OUTCOME_PROFILES.csv,ESR_Chan2024_124;ESR_Chen2024_119;ESR_Wu2025_042;Lu2022_BayesianOptimization,4,2,Cell annotation is positive/total; NR reports not-reported count.
Fig04,Operation and control | explicit_cross_site_testing,positive count divided by full application-group denominator; missing retained,evidence/WP4_VALIDATION_OUTCOME_PROFILES.csv,ESR_Wu2025_042,1,4,Cell annotation is positive/total; NR reports not-reported count.
Fig04,Operation and control | uncertainty_calibration_or_posterior_check,positive count divided by full application-group denominator; missing retained,evidence/WP4_VALIDATION_OUTCOME_PROFILES.csv,ESR_Chan2024_124,1,4,Cell annotation is positive/total; NR reports not-reported count.
Fig04,Operation and control | surrogate_error_propagation,positive count divided by full application-group denominator; missing retained,evidence/WP4_VALIDATION_OUTCOME_PROFILES.csv,,0,7,Cell annotation is positive/total; NR reports not-reported count.
Fig04,Operation and control | any_physical_diagnostic_checked,positive count divided by full application-group denominator; missing retained,evidence/WP4_VALIDATION_OUTCOME_PROFILES.csv,Diplas2026_DOEInjection;ESR_Chan2024_124;TARGET_DRLGeoRisk2026_214483,3,2,Cell annotation is positive/total; NR reports not-reported count.
Fig04,Screening and characterization | direct_field_validation,positive count divided by full application-group denominator; missing retained,evidence/WP4_VALIDATION_OUTCOME_PROFILES.csv,Arafath2025_MalayBasinML,1,3,Cell annotation is positive/total; NR reports not-reported count.
Fig04,Screening and characterization | controlled_release_ml_validation,positive count divided by full application-group denominator; missing retained,evidence/WP4_VALIDATION_OUTCOME_PROFILES.csv,,0,3,Cell annotation is positive/total; NR reports not-reported count.
Fig04,Screening and characterization | explicit_ood_testing,positive count divided by full application-group denominator; missing retained,evidence/WP4_VALIDATION_OUTCOME_PROFILES.csv,Attanasi2025_ResourceML;Nassabeh2024_OffshoreSite,2,1,Cell annotation is positive/total; NR reports not-reported count.
Fig04,Screening and characterization | explicit_cross_site_testing,positive count divided by full application-group denominator; missing retained,evidence/WP4_VALIDATION_OUTCOME_PROFILES.csv,,0,3,Cell annotation is positive/total; NR reports not-reported count.
Fig04,Screening and characterization | uncertainty_calibration_or_posterior_check,positive count divided by full application-group denominator; missing retained,evidence/WP4_VALIDATION_OUTCOME_PROFILES.csv,Attanasi2025_ResourceML,1,2,Cell annotation is positive/total; NR reports not-reported count.
Fig04,Screening and characterization | surrogate_error_propagation,positive count divided by full application-group denominator; missing retained,evidence/WP4_VALIDATION_OUTCOME_PROFILES.csv,,0,3,Cell annotation is positive/total; NR reports not-reported count.
Fig04,Screening and characterization | any_physical_diagnostic_checked,positive count divided by full application-group denominator; missing retained,evidence/WP4_VALIDATION_OUTCOME_PROFILES.csv,,0,0,Cell annotation is positive/total; NR reports not-reported count.
Fig04,Other / cross-cutting | direct_field_validation,positive count divided by full application-group denominator; missing retained,evidence/WP4_VALIDATION_OUTCOME_PROFILES.csv,,0,2,Cell annotation is positive/total; NR reports not-reported count.
Fig04,Other / cross-cutting | controlled_release_ml_validation,positive count divided by full application-group denominator; missing retained,evidence/WP4_VALIDATION_OUTCOME_PROFILES.csv,,0,2,Cell annotation is positive/total; NR reports not-reported count.
Fig04,Other / cross-cutting | explicit_ood_testing,positive count divided by full application-group denominator; missing retained,evidence/WP4_VALIDATION_OUTCOME_PROFILES.csv,ESR_Kanakaki2025_045,1,1,Cell annotation is positive/total; NR reports not-reported count.
Fig04,Other / cross-cutting | explicit_cross_site_testing,positive count divided by full application-group denominator; missing retained,evidence/WP4_VALIDATION_OUTCOME_PROFILES.csv,,0,2,Cell annotation is positive/total; NR reports not-reported count.
Fig04,Other / cross-cutting | uncertainty_calibration_or_posterior_check,positive count divided by full application-group denominator; missing retained,evidence/WP4_VALIDATION_OUTCOME_PROFILES.csv,,0,2,Cell annotation is positive/total; NR reports not-reported count.
Fig04,Other / cross-cutting | surrogate_error_propagation,positive count divided by full application-group denominator; missing retained,evidence/WP4_VALIDATION_OUTCOME_PROFILES.csv,,0,2,Cell annotation is positive/total; NR reports not-reported count.
Fig04,Other / cross-cutting | any_physical_diagnostic_checked,positive count divided by full application-group denominator; missing retained,evidence/WP4_VALIDATION_OUTCOME_PROFILES.csv,ESR_Kanakaki2025_045,1,0,Cell annotation is positive/total; NR reports not-reported count.
Fig05,Cauvery Basin,count of source-site relations by evidence role,evidence/FIELD_PROJECT_VALIDATION_SUMMARY.csv,ESR_Vishal2025_213,1,0,"Direct ML, context, and benchmark-design roles are mutually classified at relation level."
Fig05,Ginninderra,count of source-site relations by evidence role,evidence/FIELD_PROJECT_VALIDATION_SUMMARY.csv,LOCAL_Feitz2018_Ginninderra,1,0,"Direct ML, context, and benchmark-design roles are mutually classified at relation level."
Fig05,GoraeV Basin,count of source-site relations by evidence role,evidence/FIELD_PROJECT_VALIDATION_SUMMARY.csv,ESR_Wu2025_042,1,0,"Direct ML, context, and benchmark-design roles are mutually classified at relation level."
Fig05,In Salah,count of source-site relations by evidence role,evidence/FIELD_PROJECT_VALIDATION_SUMMARY.csv,LOCAL_White2014_InSalahGeomechanicalBehavior,1,0,"Direct ML, context, and benchmark-design roles are mutually classified at relation level."
Fig05,Malay Basin X field,count of source-site relations by evidence role,evidence/FIELD_PROJECT_VALIDATION_SUMMARY.csv,Arafath2025_MalayBasinML,1,0,"Direct ML, context, and benchmark-design roles are mutually classified at relation level."
Fig05,QICS,count of source-site relations by evidence role,evidence/FIELD_PROJECT_VALIDATION_SUMMARY.csv,LOCAL_Taylor2015_QICS,1,0,"Direct ML, context, and benchmark-design roles are mutually classified at relation level."
Fig05,SACROC,count of source-site relations by evidence role,evidence/FIELD_PROJECT_VALIDATION_SUMMARY.csv,ESR_Nunez2023_166,1,0,"Direct ML, context, and benchmark-design roles are mutually classified at relation level."
Fig05,Wellbore-reservoir benchmark,count of source-site relations by evidence role,evidence/FIELD_PROJECT_VALIDATION_SUMMARY.csv,ESR_Pan2011_262,1,0,"Direct ML, context, and benchmark-design roles are mutually classified at relation level."
Fig05,ZERT,count of source-site relations by evidence role,evidence/FIELD_PROJECT_VALIDATION_SUMMARY.csv,LOCAL_Spangler2010_ZERTFacility,1,0,"Direct ML, context, and benchmark-design roles are mutually classified at relation level."
Fig05,CO2CRC Otway,count of source-site relations by evidence role,evidence/FIELD_PROJECT_VALIDATION_SUMMARY.csv,Caspari2015_OtwayRockPhysics;Pevzner2015_OtwayDetectability,2,0,"Direct ML, context, and benchmark-design roles are mutually classified at relation level."
Fig05,Frio pilots,count of source-site relations by evidence role,evidence/FIELD_PROJECT_VALIDATION_SUMMARY.csv,Leong2024_SeisCO2Net;LOCAL_Hovorka2006_FrioPermanence,2,0,"Direct ML, context, and benchmark-design roles are mutually classified at relation level."
Fig05,Aquistore,count of source-site relations by evidence role,evidence/FIELD_PROJECT_VALIDATION_SUMMARY.csv,TARGET_DRLGeoRisk2026_214483;ESR_Shokri2024_206;LOCAL_Worth2014_AquistoreMMV,3,0,"Direct ML, context, and benchmark-design roles are mutually classified at relation level."
Fig05,Cranfield,count of source-site relations by evidence role,evidence/FIELD_PROJECT_VALIDATION_SUMMARY.csv,Lin2020_PressureLeakage;Zhong2019_PressureAnomaly;Meckel2009_CranfieldPDG;ESR_Alfi2016_220;ESR_Anderson2017_373,5,0,"Direct ML, context, and benchmark-design roles are mutually classified at relation level."
Fig05,Sleipner,count of source-site relations by evidence role,evidence/FIELD_PROJECT_VALIDATION_SUMMARY.csv,Witte2023_WNO;TARGET_JointInversion2023_2022JB025372;ESR_Chadwick2014_338;Fornel2013_SleipnerDynamicUpdate;LOCAL_Furre2017_Sleipner20Years,5,0,"Direct ML, context, and benchmark-design roles are mutually classified at relation level."
Fig05,Illinois Basin / IBDP,count of source-site relations by evidence role,evidence/FIELD_PROJECT_VALIDATION_SUMMARY.csv,ESR_Wang2024_089;ESR_Chan2024_124;ESR_Zhang2025_115;ESR_Nunez2023_166;ESR_Strandli2014_383;IBDP_SoilCO2FluxUpdate,6,0,"Direct ML, context, and benchmark-design roles are mutually classified at relation level."
